uic,total_code_postal,total_nom_gare,total_region,total_2016_01,total_2016_02,total_2016_03,total_2016_04,total_2016_05,total_2016_06,total_2016_07,total_2016_08,total_2016_09,total_2016_10,total_2016_11,total_2016_12,total_2017_01,total_2017_02,total_2017_03,total_2017_04,total_2017_05,total_2017_06,total_2017_07,total_2017_08,total_2017_09,total_2017_10,total_2017_11,total_2017_12,total_2018_01,total_2018_02,total_2018_03,total_2018_04,total_2018_05,total_2018_06,total_2018_07,total_2018_08,total_2018_09,total_2018_10,total_2018_11,total_2018_12,total_2019_01,total_2019_02,total_2019_03,total_2019_04,total_2019_05,total_2019_06,total_2019_07,total_2019_08,total_2019_09,total_2019_10,total_2019_11,total_2019_12,total_2020_01,total_2020_02,total_2020_03,total_2020_04,total_2020_05,total_2020_06,total_2020_07,total_2020_08,total_2020_09,total_2020_10,total_2020_11,total_2020_12,total_2021_01,total_2021_02,total_2021_03,total_2021_04,total_2021_05,total_2021_06,total_2021_07,total_2021_08,total_2021_09,total_2021_10,total_2021_11,total_2021_12
87111849,77111,Marne-la-Vallée Chessy,77,921050,921050,921050,921050,921050,921050,921050,921050,921050,921050,921050,921050,1021418,1021418,1021418,1021418,1021418,1021418,1021418,1021418,1021418,1021418,1021418,1021418,1019244,917866,1018559,901514,914440,954612,1007049,983526,964479,962948,1019130,963108,845026,758431,840246,794641,841446,831762,875815,777736,805505,809850,754479,329328,247379,302894,186624,0,90938,196736,293285,296675,301308,206211,71854,223804,377108,330433,345924,374888,387200,401720,454475,459798,428602,440346,420680,467796
87113001,75010,Paris Est,75,6753217,6753217,6753217,6753217,6753217,6753217,6753217,6753217,6753217,6753217,6753217,6753217,7250040,7250040,7250040,7250040,7250040,7250040,7250040,7250040,7250040,7250040,7250040,7250040,7409510,6672527,7404529,6553653,6647623,6939660,7320852,7149847,7011383,7000259,7408679,7001421,7114776,6385685,7074532,6690562,7084637,7003104,7374008,6548228,6782025,6818610,6352410,2772810,2375317,2908361,1791949,0,873183,1889040,2816102,2848648,2893137,1980023,689940,2148953,3505495,3071618,3215618,3484857,3599306,3734278,4224676,4274162,3984167,4093340,3910526,4348507
87118000,10014,Troyes,10,194548,194548,194548,194548,194548,194548,194548,194548,194548,194548,194548,194548,205458,205458,205458,205458,205458,205458,205458,205458,205458,205458,205458,205458,194144,174834,194014,171719,174181,181833,191821,187341,183713,183421,194122,183452,185152,166179,184105,174113,184368,182246,191899,170409,176493,177445,165313,72159,79031,96767,59622,0,29052,62852,93697,94780,96260,65879,22956,71500,114774,100569,105283,114099,117846,122265,138321,139941,130447,134021,128035,142376
87141002,54000,Nancy,54,1599859,1599859,1599859,1599859,1599859,1599859,1599859,1599859,1599859,1599859,1599859,1599859,1653970,1653970,1653970,1653970,1653970,1653970,1653970,1653970,1653970,1653970,1653970,1653970,1589230,1431158,1588161,1405661,1425816,1488454,1570214,1533536,1503837,1501452,1589052,1501701,1553257,1394086,1544472,1460645,1546677,1528878,1609851,1429572,1480613,1488600,1386822,605344,631463,773169,476378,0,232130,502189,748643,757295,769122,526376,183416,571285,898843,787593,824516,893551,922897,957505,1083248,1095937,1021579,1049572,1002697,1114999
87141150,54300,Lunéville,54,156233,156233,156233,156233,156233,156233,156233,156233,156233,156233,156233,156233,163516,163516,163516,163516,163516,163516,163516,163516,163516,163516,163516,163516,160001,144087,159894,141520,143549,149855,158087,154394,151404,151164,159983,151189,152727,137076,151863,143621,152080,150330,158292,140565,145584,146369,136362,59522,67729,82927,51095,0,24897,53863,80297,81225,82493,56457,19673,61274,94416,82730,86609,93860,96943,100578,113787,115119,107309,110249,105325,117122
87144006,88000,Épinal,88,202778,202778,202778,202778,202778,202778,202778,202778,202778,202778,202778,202778,207253,207253,207253,207253,207253,207253,207253,207253,207253,207253,207253,207253,190063,171158,189935,168109,170520,178011,187789,183402,179851,179565,190042,179595,191664,172023,190580,180236,190852,188655,198647,176402,182700,183685,171127,74696,88569,108445,66817,0,32559,70437,105005,106218,107877,73830,25726,80129,127540,111755,116994,126790,130954,135864,153706,155507,144956,148928,142277,158212
87144014,88100,Saint-Dié-des-Vosges,88,69140,69140,69140,69140,69140,69140,69140,69140,69140,69140,69140,69140,68114,68114,68114,68114,68114,68114,68114,68114,68114,68114,68114,68114,59602,53674,59562,52718,53474,55823,58889,57513,56400,56310,59595,56320,59893,53755,59554,56322,59639,58953,62075,55124,57092,57400,53475,23342,26041,31885,19645,0,9573,20710,30873,31230,31718,21707,7564,23559,39853,34920,36557,39618,40919,42454,48029,48591,45294,46536,44457,49436
87144451,88200,Remiremont,88,47000,47000,47000,47000,47000,47000,47000,47000,47000,47000,47000,47000,49359,49359,49359,49359,49359,49359,49359,49359,49359,49359,49359,49359,45512,40985,45481,40255,40832,42626,44968,43917,43067,42998,45507,43005,46750,41959,46486,43963,46552,46016,48453,43027,44564,44804,41741,18220,18616,22794,14044,0,6844,14805,22071,22326,22675,15518,5407,16842,27957,24497,25645,27793,28706,29782,33693,34088,31775,32646,31188,34681
87171009,51100,Reims,51,645202,645202,645202,645202,645202,645202,645202,645202,645202,645202,645202,645202,682106,682106,682106,682106,682106,682106,682106,682106,682106,682106,682106,682106,626567,564246,626146,554194,562140,586835,619070,604609,592901,591960,626497,592058,601212,539602,597811,565365,598665,591775,623117,553337,573094,576185,536790,234308,256161,313646,193249,0,94167,203719,303696,307206,312004,213531,74405,231749,360783,316129,330949,358659,370438,384329,434801,439894,410048,421284,402469,447545
87172007,8000,Charleville-Mézières,80,210234,210234,210234,210234,210234,210234,210234,210234,210234,210234,210234,210234,210398,210398,210398,210398,210398,210398,210398,210398,210398,210398,210398,210398,189561,170706,189433,167665,170069,177540,187293,182918,179375,179091,189539,179120,178347,160071,177338,167713,177591,175547,184845,164145,170006,170923,159236,69506,88299,108114,66613,0,32459,70222,104684,105894,107548,73604,25647,79884,129376,113363,118678,128614,132838,137820,155918,157745,147042,151071,144324,160489
87174003,51000,Châlons-en-Champagne,51,142614,142614,142614,142614,142614,142614,142614,142614,142614,142614,142614,142614,147934,147934,147934,147934,147934,147934,147934,147934,147934,147934,147934,147934,128578,115789,128491,113726,115357,120424,127039,124072,121669,121476,128563,121496,131356,117895,130613,123524,130799,129294,136142,120896,125213,125888,117281,51193,49020,60021,36981,0,18020,38985,58117,58789,59707,40862,14239,44349,72076,63155,66116,71652,74005,76780,86863,87881,81918,84163,80404,89409
87182014,68000,Colmar,68,635177,635177,635177,635177,635177,635177,635177,635177,635177,635177,635177,635177,688020,688020,688020,688020,688020,688020,688020,688020,688020,688020,688020,688020,699184,629640,698714,618423,627290,654847,690818,674681,661615,660566,699106,660675,680263,610552,676415,639702,677381,669585,705048,626093,648447,651945,607371,265116,265198,324711,200066,0,97489,210906,314410,318044,323011,221064,77030,239925,377768,331011,346530,375544,387878,402423,455270,460603,429352,441117,421416,468615
87182063,68100,Mulhouse,68,954572,954572,954572,954572,954572,954572,954572,954572,954572,954572,954572,954572,998632,998632,998632,998632,998632,998632,998632,998632,998632,998632,998632,998632,975591,878554,974935,862902,875275,913727,963917,941402,923170,921706,975481,921859,939545,843265,934231,883525,935565,924798,973778,864729,895604,900435,838871,366165,384066,470254,289741,0,141185,305440,455337,460599,467793,320151,111557,347465,526719,461527,483164,523618,540815,561095,634780,642215,598642,615046,587577,653386
87184002,90000,Belfort,90,198678,198678,198678,198678,198678,198678,198678,198678,198678,198678,198678,198678,214911,214911,214911,214911,214911,214911,214911,214911,214911,214911,214911,214911,188775,169999,188649,166970,169364,176805,186517,182160,178632,178349,188754,178378,192945,173173,191853,181441,192127,189916,199975,177581,183921,184913,172270,75195,84937,103997,64077,0,31223,67548,100698,101862,103453,70802,24671,76842,114075,99956,104642,113403,117128,121520,137479,139089,129652,133205,127256,141508
87191007,57100,Thionville,57,473639,473639,473639,473639,473639,473639,473639,473639,473639,473639,473639,473639,505679,505679,505679,505679,505679,505679,505679,505679,505679,505679,505679,505679,471616,424707,471299,417141,423122,441710,465973,455088,446275,445567,471563,445641,456069,409333,453489,428876,454137,448910,472686,419752,434739,437084,407200,177742,191759,234791,144664,0,70492,152502,227343,229971,233562,159847,55699,173484,271427,237832,248982,269829,278690,289141,327112,330944,308490,316943,302788,336700
87192039,57000,Metz,57,1428728,1428728,1428728,1428728,1428728,1428728,1428728,1428728,1428728,1428728,1428728,1428728,1495519,1495519,1495519,1495519,1495519,1495519,1495519,1495519,1495519,1495519,1495519,1495519,1436072,1293234,1435107,1270195,1288407,1345008,1418889,1385746,1358909,1356753,1435911,1356979,1419525,1274059,1411496,1334887,1413512,1397245,1471247,1306489,1353136,1360435,1267420,553225,558518,683855,421348,0,205315,444177,662161,669814,680275,465571,162228,505292,814793,713946,747416,809996,836598,867970,981955,993457,926052,951428,908935,1010737
87212027,67000,Strasbourg,67,3350420,3350420,3350420,3350420,3350420,3350420,3350420,3350420,3350420,3350420,3350420,3350420,3625509,3625509,3625509,3625509,3625509,3625509,3625509,3625509,3625509,3625509,3625509,3625509,3658370,3294492,3655911,3235799,3282196,3426387,3614596,3530164,3461799,3456307,3657960,3456880,3562573,3197497,3542422,3350157,3547482,3506656,3692378,3278886,3395955,3414275,3180835,1388426,1381829,1691925,1042457,0,507970,1098940,1638253,1657187,1683068,1151869,401369,1250143,1983691,1738168,1819655,1972012,2036777,2113155,2390662,2418664,2254562,2316341,2212890,2460735
87212225,67700,Saverne,67,222389,222389,222389,222389,222389,222389,222389,222389,222389,222389,222389,222389,225902,225902,225902,225902,225902,225902,225902,225902,225902,225902,225902,225902,225736,203283,225584,199661,202524,211421,223035,217825,213607,213268,225710,213303,217231,194970,216003,204279,216311,213822,225146,199933,207072,208189,193954,84661,103356,126550,77972,0,37994,82197,122536,123952,125888,86156,30021,93507,139984,122658,128408,139160,143730,149120,168703,170679,159098,163458,156158,173647
87213058,67500,Haguenau,67,295048,295048,295048,295048,295048,295048,295048,295048,295048,295048,295048,295048,311794,311794,311794,311794,311794,311794,311794,311794,311794,311794,311794,311794,308682,277979,308474,273026,276941,289107,304988,297864,292095,291632,308647,291680,297644,267143,295961,279897,296383,292973,308489,273943,283724,285254,265751,116000,144140,176487,108740,0,52987,114632,170888,172863,175563,120153,41867,130404,206959,181344,189846,205741,212498,220466,249419,252340,235220,241665,230872,256730
87214056,67600,Sélestat,67,351245,351245,351245,351245,351245,351245,351245,351245,351245,351245,351245,351245,374645,374645,374645,374645,374645,374645,374645,374645,374645,374645,374645,374645,380092,342286,379836,336188,341008,355989,375544,366771,359668,359098,380049,359157,368848,331050,366761,346855,367285,363058,382287,339476,351597,353494,329325,143749,154556,189239,116597,0,56816,122915,183236,185354,188249,128835,44893,139827,212608,186294,195027,211357,218298,226484,256227,259228,241640,248261,237174,263737
87214577,67120,Molsheim,67,263460,263460,263460,263460,263460,263460,263460,263460,263460,263460,263460,263460,270331,270331,270331,270331,270331,270331,270331,270331,270331,270331,270331,270331,261467,235460,261291,231265,234581,244887,258338,252304,247417,247025,261437,247066,244059,219049,242679,229508,243026,240229,252952,224625,232645,233900,217908,95116,120040,146978,90559,0,44128,95465,142316,143961,146209,100063,34867,108601,155761,136482,142881,154844,159929,165927,187717,189916,177030,181881,173758,193219
87215012,57400,Sarrebourg,57,134257,134257,134257,134257,134257,134257,134257,134257,134257,134257,134257,134257,136591,136591,136591,136591,136591,136591,136591,136591,136591,136591,136591,136591,128876,116057,128789,113990,115624,120704,127334,124360,121951,121758,128862,121778,122717,110141,122023,115400,122197,120791,127188,112945,116977,117608,109567,47826,54216,66383,40901,0,19930,43117,64277,65020,66035,45193,15748,49049,77870,68232,71431,77412,79954,82952,93846,94945,88503,90928,86867,96597
87223263,59777,Lille Europe,59,1677555,1677555,1677555,1677555,1677555,1677555,1677555,1677555,1677555,1677555,1677555,1677555,1792681,1792681,1792681,1792681,1792681,1792681,1792681,1792681,1792681,1792681,1792681,1792681,1659329,1494285,1658213,1467663,1488707,1554108,1639474,1601179,1570170,1567679,1659143,1567939,1529986,1373199,1521331,1438761,1523504,1505971,1585732,1408153,1458430,1466297,1366044,596274,415788,509094,313672,0,152846,330667,492945,498642,506429,346593,120771,376164,626483,548942,574677,622794,643248,667369,755011,763854,712028,731539,698867,777141
87271494,95700,Aéroport Charles de Gaulle 2 TGV,95,2259646,2259646,2259646,2259646,2259646,2259646,2259646,2259646,2259646,2259646,2259646,2259646,2446160,2446160,2446160,2446160,2446160,2446160,2446160,2446160,2446160,2446160,2446160,2446160,2489142,2241561,2487469,2201627,2233195,2331301,2459359,2401911,2355396,2351659,2488863,2352049,2326714,2088283,2313553,2187985,2316858,2290194,2411490,2141438,2217896,2229860,2077401,906780,488798,598489,368751,0,179686,388731,579504,586201,595356,407454,141978,442216,702962,615956,644832,698823,721774,748840,847180,857104,798951,820843,784183,872012
87276006,60100,Creil,60,932980,932980,932980,932980,932980,932980,932980,932980,932980,932980,932980,932980,971170,971170,971170,971170,971170,971170,971170,971170,971170,971170,971170,971170,893881,804972,893280,790631,801968,837199,883186,862556,845851,844509,893781,844650,874394,784790,869448,822258,870690,860669,906253,804766,833499,837995,780700,340773,370462,453597,279478,0,136184,294620,439208,444284,451222,308810,107605,335157,533029,467056,488952,529891,547293,567817,642384,649909,605814,622414,594616,661213
87276691,60200,Compiègne,60,427108,427108,427108,427108,427108,427108,427108,427108,427108,427108,427108,427108,433798,433798,433798,433798,433798,433798,433798,433798,433798,433798,433798,433798,405760,365401,405487,358891,364037,380030,400905,391540,383958,383349,405714,383412,390833,350782,388623,367530,389178,384699,405074,359711,372554,374564,348955,152318,163664,200392,123469,0,60164,130159,194035,196278,199343,136428,47538,148067,236999,207665,217401,235603,243341,252466,285621,288967,269361,276742,264382,293993
87281006,59140,Dunkerque,59,295792,295792,295792,295792,295792,295792,295792,295792,295792,295792,295792,295792,309097,309097,309097,309097,309097,309097,309097,309097,309097,309097,309097,309097,292618,263513,292421,258818,262529,274062,289116,282363,276895,276455,292585,276501,310986,279117,309227,292444,309669,306105,322317,286222,296441,298041,277663,121199,127560,156186,96232,0,46892,101446,151232,152979,155369,106332,37052,115404,166674,146044,152891,165692,171134,177551,200868,203221,189433,194624,185931,206756
87281071,62185,Calais - Fréthun,62,132437,132437,132437,132437,132437,132437,132437,132437,132437,132437,132437,132437,140113,140113,140113,140113,140113,140113,140113,140113,140113,140113,140113,140113,133956,120632,133866,118483,120182,125462,132354,129262,126759,126558,133941,126579,132751,119147,132000,124836,132189,130667,137588,122180,126542,127225,118526,51736,45503,55714,34328,0,16727,36187,53947,54570,55422,37930,13217,41166,62427,54701,57265,62060,64098,66502,75235,76116,70952,72896,69640,77440
87286005,59000,Lille Flandres,59,3477753,3477753,3477753,3477753,3477753,3477753,3477753,3477753,3477753,3477753,3477753,3477753,3737405,3737405,3737405,3737405,3737405,3737405,3737405,3737405,3737405,3737405,3737405,3737405,3641194,3279025,3638747,3220608,3266786,3410300,3597626,3513590,3445546,3440080,3640786,3440651,3768337,3382174,3747022,3543652,3752374,3709190,3905639,3468265,3592096,3611473,3364550,1468617,1532987,1877004,1156492,0,563537,1219153,1817462,1838466,1867179,1277871,445275,1386896,2015448,1765995,1848787,2003583,2069384,2146984,2428934,2457385,2290656,2353424,2248316,2500130
87286302,59190,Hazebrouck,59,282847,282847,282847,282847,282847,282847,282847,282847,282847,282847,282847,282847,296431,296431,296431,296431,296431,296431,296431,296431,296431,296431,296431,296431,278522,250819,278334,246350,249882,260860,275189,268761,263556,263138,278490,263182,275037,246853,273482,258638,273872,270720,285059,253136,262174,263588,245566,107189,122306,149753,92268,0,44961,97267,145002,146678,148969,101952,35525,110650,158433,138823,145331,157500,162672,168773,190936,193173,180066,185001,176738,196533
87286542,59200,Tourcoing,59,157616,157616,157616,157616,157616,157616,157616,157616,157616,157616,157616,157616,196535,196535,196535,196535,196535,196535,196535,196535,196535,196535,196535,196535,137176,123532,137084,121331,123071,128478,135535,132369,129805,129599,137161,129621,104785,94047,104192,98537,104341,103140,108602,96441,99884,100423,93557,40837,46581,57035,35141,0,17124,37045,55225,55864,56736,38829,13530,42142,67106,58800,61557,66711,68902,71486,80873,81821,76269,78359,74860,83244
87295006,59600,Maubeuge,59,92227,92227,92227,92227,92227,92227,92227,92227,92227,92227,92227,92227,102855,102855,102855,102855,102855,102855,102855,102855,102855,102855,102855,102855,101991,91846,101922,90210,91503,95523,100770,98417,96511,96357,101979,96373,103113,92547,102530,96965,102677,101495,106870,94902,98291,98821,92064,40186,42073,51515,31740,0,15466,33460,49880,50457,51245,35071,12221,38063,58996,51694,54117,58648,60575,62846,71099,71932,67052,68889,65812,73183
87295600,59620,Aulnoye-Aymeries,59,108864,108864,108864,108864,108864,108864,108864,108864,108864,108864,108864,108864,115170,115170,115170,115170,115170,115170,115170,115170,115170,115170,115170,115170,112094,100945,112019,99147,100568,104986,110753,108166,106071,105903,112082,105921,106571,95650,105968,100217,106120,104898,110454,98085,101587,102135,95152,41533,49389,60473,37259,0,18156,39278,58554,59231,60156,41170,14346,44683,64233,56283,58921,63855,65952,68425,77411,78318,73004,75004,71654,79680
87296004,2100,Saint-Quentin,21,212220,212220,212220,212220,212220,212220,212220,212220,212220,212220,212220,212220,218533,218533,218533,218533,218533,218533,218533,218533,218533,218533,218533,218533,203028,182834,202892,179577,182152,190154,200599,195913,192119,191815,203006,191846,187452,168243,186392,176275,186658,184510,194282,172525,178685,179649,167366,73055,84748,103766,63934,0,31154,67398,100475,101636,103223,70645,24616,76672,122616,107440,112477,121894,125897,130619,147772,149503,139359,143178,136783,152103
87296012,2000,Laon,20,142610,142610,142610,142610,142610,142610,142610,142610,142610,142610,142610,142610,141100,141100,141100,141100,141100,141100,141100,141100,141100,141100,141100,141100,123611,111316,123527,109333,110900,115772,122132,119279,116969,116783,123597,116803,115599,103753,114945,108706,115109,113784,119811,106394,110192,110787,103212,45052,55996,68562,42244,0,20585,44533,66387,67155,68204,46678,16265,50660,81398,71323,74667,80919,83576,86711,98098,99247,92513,95048,90803,100973
87300822,90400,Belfort - Montbéliard TGV,90,142744,142744,142744,142744,142744,142744,142744,142744,142744,142744,142744,142744,152787,152787,152787,152787,152787,152787,152787,152787,152787,152787,152787,152787,141574,127492,141478,125221,127016,132596,139880,136612,133966,133754,141558,133776,130643,117255,129904,122853,130090,128592,135403,120240,124533,125205,116644,50915,40658,49782,30673,0,14946,32335,48203,48760,49522,33892,11810,36784,61552,53934,56462,61190,63200,65569,74180,75049,69957,71874,68664,76355
87313510,60000,Beauvais,60,251824,251824,251824,251824,251824,251824,251824,251824,251824,251824,251824,251824,255997,255997,255997,255997,255997,255997,255997,255997,255997,255997,255997,255997,237097,213514,236938,209711,212718,222062,234260,228788,224357,224002,237071,224039,221759,199034,220505,208537,220820,218278,229839,204100,211388,212528,197997,86425,105320,128955,79454,0,38716,83759,124864,126307,128280,87793,30591,95283,151826,133035,139271,150932,155889,161735,182975,185118,172558,177286,169368,188338
87313874,80017,Amiens,80,1024691,1024691,1024691,1024691,1024691,1024691,1024691,1024691,1024691,1024691,1024691,1024691,1067383,1067383,1067383,1067383,1067383,1067383,1067383,1067383,1067383,1067383,1067383,1067383,1027681,925463,1026990,908976,922009,962514,1015384,991666,972462,970919,1027566,971080,961211,862710,955774,903899,957139,946124,996233,884670,916256,921198,858215,374608,422579,517410,318796,0,155343,336069,500997,506787,514702,352255,122743,382308,620743,543914,569413,617089,637355,661256,748094,756857,705505,724837,692465,770022
87317065,62630,Étaples - Le Touquet,62,62043,62043,62043,62043,62043,62043,62043,62043,62043,62043,62043,62043,65256,65256,65256,65256,65256,65256,65256,65256,65256,65256,65256,65256,61351,55249,61310,54265,55043,57461,60617,59201,58055,57963,61344,57972,61546,55239,61198,57877,61286,60580,63789,56645,58668,58984,54952,23986,27116,33201,20456,0,9968,21564,32147,32519,33027,22603,7876,24531,45886,40206,42091,45615,47114,48880,55299,55947,52151,53580,51187,56920
87317263,62100,Calais,62,187372,187372,187372,187372,187372,187372,187372,187372,187372,187372,187372,187372,184188,184188,184188,184188,184188,184188,184188,184188,184188,184188,184188,184188,167847,151152,167734,148459,150588,157203,165838,161965,158828,158576,167828,158602,171344,153785,170374,161127,170618,168654,177587,157700,163330,164211,152984,66777,82928,101538,62561,0,30485,65951,98317,99453,101006,69127,24087,75025,115944,101593,106356,115261,119047,123511,139731,141367,131776,135387,129340,143826
87317362,80100,Abbeville,80,134480,134480,134480,134480,134480,134480,134480,134480,134480,134480,134480,134480,138775,138775,138775,138775,138775,138775,138775,138775,138775,138775,138775,138775,131381,118313,131293,116206,117872,123050,129809,126777,124322,124125,131367,124145,128185,115049,127460,120542,127642,126173,132856,117978,122190,122849,114450,49957,54613,66868,41200,0,20076,43432,64747,65495,66518,45524,15863,49408,80617,70639,73950,80142,82774,85878,97156,98294,91625,94135,89931,100004
87317586,62200,Boulogne-sur-Mer,62,160910,160910,160910,160910,160910,160910,160910,160910,160910,160910,160910,160910,160833,160833,160833,160833,160833,160833,160833,160833,160833,160833,160833,160833,147100,132469,147002,130109,131975,137773,145340,141945,139197,138976,147084,138999,142486,127884,141680,133990,141882,140249,147677,131140,135822,136554,127218,55530,62180,76133,46908,0,22858,49450,73718,74570,75735,51832,18061,56254,93080,81560,85383,92532,95571,99155,112176,113490,105790,108689,103835,115465
87318964,84000,Avignon TGV,84,683067,683067,683067,683067,683067,683067,683067,683067,683067,683067,683067,683067,694301,694301,694301,694301,694301,694301,694301,694301,694301,694301,694301,694301,656197,590929,655756,580401,588724,614587,648346,633201,620939,619954,656124,620056,667117,598753,663343,627340,664291,656646,691424,613994,635916,639347,595633,259992,223881,274122,168897,0,82300,178048,265426,268494,272687,186623,65029,202545,372563,326451,341755,370370,382533,396878,448997,454257,423436,435039,415610,462158
87319012,13592,Aix-en-Provence TGV,13,719882,719882,719882,719882,719882,719882,719882,719882,719882,719882,719882,719882,782497,782497,782497,782497,782497,782497,782497,782497,782497,782497,782497,782497,761058,685360,760546,673150,682802,712798,751952,734387,720165,719022,760973,719142,695735,624439,691799,654252,692787,684814,721084,640333,663196,666773,621185,271146,254293,311359,191839,0,93480,202234,301482,304966,309729,211974,73863,230059,413276,362124,379101,410842,424335,440248,498063,503897,469708,482579,461026,512661
87342006,62400,Béthune,62,307134,307134,307134,307134,307134,307134,307134,307134,307134,307134,307134,307134,319052,319052,319052,319052,319052,319052,319052,319052,319052,319052,319052,319052,301695,271687,301492,266847,270673,282564,298085,291122,285484,285031,301661,285079,290969,261152,289323,273620,289736,286402,301571,267799,277361,278857,259791,113398,114573,140284,86434,0,42118,91117,135834,137404,139549,95506,33279,103654,147750,129463,135532,146880,151704,157392,178062,180147,167925,172526,164821,183281
87342014,62000,Arras,62,775933,775933,775933,775933,775933,775933,775933,775933,775933,775933,775933,775933,817845,817845,817845,817845,817845,817845,817845,817845,817845,817845,817845,817845,761355,685627,760843,673412,683068,713076,752245,734674,720446,719303,761270,719422,737282,661728,733111,693322,734158,725710,764145,678572,702800,706591,658280,287337,287036,351449,216541,0,105516,228273,340301,344233,349610,239268,83373,259682,374258,327936,343310,372054,384274,398683,451040,456323,425363,437018,417500,464261
87342337,62130,Saint-Pol-sur-Ternoise,62,40038,40038,40038,40038,40038,40038,40038,40038,40038,40038,40038,40038,36288,36288,36288,36288,36288,36288,36288,36288,36288,36288,36288,36288,31061,27972,31040,27473,27867,29091,30689,29973,29392,29345,31058,29350,29678,26636,29510,27908,29552,29212,30759,27314,28290,28442,26498,11566,9254,11331,6981,0,3402,7360,10971,11098,11271,7714,2688,8372,13198,11564,12107,13120,13551,14059,15906,16092,15000,15411,14723,16372
87343004,59300,Valenciennes,59,575549,575549,575549,575549,575549,575549,575549,575549,575549,575549,575549,575549,608416,608416,608416,608416,608416,608416,608416,608416,608416,608416,608416,608416,577666,520208,577277,510941,518267,541035,570754,557422,546627,545759,577601,545850,569793,511403,566570,535820,567380,560850,590554,524421,543145,546075,508739,222063,222679,272650,167990,0,81858,177092,264001,267052,271223,185621,64680,201458,286139,250723,262477,284454,293796,304813,344842,348882,325211,334122,319200,354950
87345009,59500,Douai,59,536988,536988,536988,536988,536988,536988,536988,536988,536988,536988,536988,536988,557662,557662,557662,557662,557662,557662,557662,557662,557662,557662,557662,557662,529354,476702,528998,468209,474923,495787,523020,510803,500911,500116,529295,500199,523173,469561,520214,491979,520957,514962,542235,481513,498705,501395,467114,203894,214606,262765,161899,0,78891,170671,254430,257370,261390,178891,62335,194154,290429,254482,266413,288719,298201,309383,350013,354112,330087,339131,323985,360272
87345025,62300,Lens,62,311813,311813,311813,311813,311813,311813,311813,311813,311813,311813,311813,311813,320671,320671,320671,320671,320671,320671,320671,320671,320671,320671,320671,320671,290844,261916,290649,257249,260938,272401,287364,280652,275217,274780,290812,274826,285337,256097,283723,268324,284129,280859,295734,262616,271992,273460,254763,111203,113004,138364,85251,0,41541,89870,133975,135523,137639,94199,32824,102235,151196,132483,138694,150306,155243,161064,182215,184350,171842,176551,168666,187556
87345520,59400,Cambrai,59,123358,123358,123358,123358,123358,123358,123358,123358,123358,123358,123358,123358,128940,128940,128940,128940,128940,128940,128940,128940,128940,128940,128940,128940,117648,105947,117569,104059,105551,110188,116241,113525,111327,111150,117635,111169,119691,107426,119014,112555,119184,117812,124052,110160,114093,114709,106866,46647,50854,62266,38364,0,18694,40443,60291,60988,61940,42391,14771,46008,66396,58178,60906,66005,68173,70729,80018,80955,75462,77530,74068,82363
87381509,78200,Mantes-la-Jolie,78,1695703,1695703,1695703,1695703,1695703,1695703,1695703,1695703,1695703,1695703,1695703,1695703,1777032,1777032,1777032,1777032,1777032,1777032,1777032,1777032,1777032,1777032,1777032,1777032,1836281,1653636,1835046,1624176,1647464,1719839,1814309,1771929,1737614,1734857,1836075,1735145,1749875,1570555,1739977,1645539,1742462,1722409,1813633,1610532,1668035,1677033,1562371,681971,538437,659267,406199,0,197933,428208,638354,645731,655816,448832,156396,487125,584781,512402,536424,581338,600430,622946,704753,713008,664632,682844,652347,725410
87381848,95100,Argenteuil,95,2564828,2564828,2564828,2564828,2564828,2564828,2564828,2564828,2564828,2564828,2564828,2564828,2601446,2601446,2601446,2601446,2601446,2601446,2601446,2601446,2601446,2601446,2601446,2601446,2682464,2415654,2680661,2372619,2406639,2512365,2650368,2588459,2538330,2534303,2682164,2534724,2473705,2220211,2459713,2326212,2463226,2434878,2563836,2276724,2358012,2370732,2208641,964066,798509,977702,602398,0,293537,635038,946687,957628,972584,665623,231937,722412,1621795,1421064,1487685,1612246,1665196,1727639,1954519,1977413,1843249,1893757,1809179,2011809
87381897,78700,Conflans-Sainte-Honorine,78,770715,770715,770715,770715,770715,770715,770715,770715,770715,770715,770715,770715,791350,791350,791350,791350,791350,791350,791350,791350,791350,791350,791350,791350,796529,717303,795994,704524,714625,746020,786998,768615,753730,752534,796440,752659,737275,661722,733105,693315,734152,725703,764138,678566,702793,706584,658274,287335,228401,279656,172307,0,83962,181642,270785,273914,278192,190391,66342,206635,412319,361286,378224,409892,423354,439229,496910,502731,468621,481462,459959,511475
87382358,92210,Saint-Cloud,92,1410350,1410350,1410350,1410350,1410350,1410350,1410350,1410350,1410350,1410350,1410350,1410350,1459736,1459736,1459736,1459736,1459736,1459736,1459736,1459736,1459736,1459736,1459736,1459736,1479794,1332607,1478799,1308866,1327633,1385958,1462088,1427935,1400282,1398060,1479628,1398292,1384018,1242190,1376189,1301497,1378155,1362295,1434446,1273809,1319289,1326406,1235717,539387,431450,528271,325487,0,158604,343123,511513,517425,525506,359649,125320,390333,651725,571060,597832,647888,669166,694259,785431,794632,740717,761014,727026,808454
87382655,95800,Cergy le Haut,95,1123932,1123932,1123932,1123932,1123932,1123932,1123932,1123932,1123932,1123932,1123932,1123932,1134950,1134950,1134950,1134950,1134950,1134950,1134950,1134950,1134950,1134950,1134950,1134950,1125915,1013926,1125158,995863,1010142,1054519,1112443,1086458,1065417,1063727,1125789,1063904,1027825,922498,1022011,966542,1023471,1011692,1065275,945980,979755,985040,917691,400570,320904,392918,242091,0,117967,255208,380454,384851,390861,267500,93211,290322,510394,447222,468188,507389,524053,543704,615105,622310,580088,595983,569366,633135
87382861,78000,Versailles Rive Droite,78,887968,887968,887968,887968,887968,887968,887968,887968,887968,887968,887968,887968,927073,927073,927073,927073,927073,927073,927073,927073,927073,927073,927073,927073,950896,856315,950256,841060,853119,890598,939518,917572,899802,898375,950789,898524,893027,801514,887976,839781,889244,879010,925565,821915,851261,855853,797337,348035,198401,242924,149674,0,72933,157784,235218,237936,241652,165383,57628,179493,524497,459580,481125,521409,538533,558728,632102,639506,596117,612451,585098,650630
87384008,75008,Paris Saint-Lazare,75,21150100,21150100,21150100,21150100,21150100,21150100,21150100,21150100,21150100,21150100,21150100,21150100,21380480,21380480,21380480,21380480,21380480,21380480,21380480,21380480,21380480,21380480,21380480,21380480,21014735,18924515,21000609,18587368,18853884,19682155,20763287,20278285,19885574,19854025,21012381,19857321,19099270,17142062,18991238,17960488,19018363,18799492,19795167,17578400,18206016,18304227,17052736,7443473,12994364,15910428,9803002,0,4776819,10334147,15405715,15583761,15827140,10831878,3774375,11756021,11917740,10442674,10932236,11847575,12236673,12695539,14362763,14531000,13545097,13916256,13294735,14783755
87386573,78300,Poissy,78,1794091,1794091,1794091,1794091,1794091,1794091,1794091,1794091,1794091,1794091,1794091,1794091,1815850,1815850,1815850,1815850,1815850,1815850,1815850,1815850,1815850,1815850,1815850,1815850,1801685,1622482,1800474,1593577,1616426,1687437,1780128,1738546,1704877,1702173,1801483,1702455,1645233,1476637,1635927,1547137,1638263,1619410,1705178,1514223,1568287,1576747,1468942,641189,509177,623442,384125,0,187177,404938,603665,610641,620178,424441,147897,460653,713565,625246,654558,709364,732661,760135,859958,870031,811001,833224,796011,885165
87387001,27000,Évreux Normandie,27,207734,207734,207734,207734,207734,207734,207734,207734,207734,207734,207734,207734,217993,217993,217993,217993,217993,217993,217993,217993,217993,217993,217993,217993,204242,183927,204105,180651,183241,191291,201798,197085,193268,192961,204219,192993,193775,173917,192678,182221,192954,190733,200835,178344,184712,185708,173011,75519,75881,92909,57245,0,27894,60346,89962,91001,92423,63253,22040,68649,98905,86663,90726,98323,101552,105360,119196,120592,112410,115491,110333,122690
87391003,75015,Paris Montparnasse,75,10338843,10338843,10338843,10338843,10338843,10338843,10338843,10338843,10338843,10338843,10338843,10338843,10820769,10820769,10820769,10820769,10820769,10820769,10820769,10820769,10820769,10820769,10820769,10820769,11039240,9941228,11031819,9764121,9904124,10339223,10907152,10652376,10446081,10429508,11038003,10431240,10523148,9444782,10463625,9895712,10478570,10357979,10906567,9685192,10030991,10085102,9395567,4101139,3554188,4351783,2681294,0,1306544,2826572,4213735,4262434,4329003,2962710,1032358,3215480,5160514,4521794,4733780,5130132,5298616,5497310,6219236,6292085,5865178,6025894,5756768,6401530
87393702,91300,Massy TGV,91,438562,438562,438562,438562,438562,438562,438562,438562,438562,438562,438562,438562,674034,674034,674034,674034,674034,674034,674034,674034,674034,674034,674034,674034,529988,477273,529632,468770,475492,496380,523646,511415,501511,500715,529929,500798,447966,402060,445432,421256,446068,440934,464288,412294,427015,429318,399965,174584,176922,216625,133471,0,65038,140702,209753,212177,215491,147479,51389,160061,264869,232086,242966,263310,271957,282155,319209,322948,301037,309286,295472,328566
87394007,28000,Chartres,28,500527,500527,500527,500527,500527,500527,500527,500527,500527,500527,500527,500527,496059,496059,496059,496059,496059,496059,496059,496059,496059,496059,496059,496059,482385,434405,482061,426666,432783,451796,476613,465480,456465,455741,482331,455817,468752,420716,466101,440803,466766,461395,485831,431425,446829,449239,418524,182685,218348,267347,164723,0,80266,173648,258867,261858,265948,182011,63422,197540,315780,276696,289667,313921,324231,336389,380565,385023,358899,368734,352266,391720
87396002,72000,Le Mans,72,1087991,1087991,1087991,1087991,1087991,1087991,1087991,1087991,1087991,1087991,1087991,1087991,1124324,1124324,1124324,1124324,1124324,1124324,1124324,1124324,1124324,1124324,1124324,1124324,1040055,936606,1039356,919920,933111,974103,1027610,1003606,984171,982609,1039938,982772,957342,859238,951927,900261,953286,942316,992223,881109,912568,917491,854760,373101,343561,420660,259184,0,126296,273227,407316,412023,418458,286387,99792,310820,540399,473514,495712,537218,554861,575668,651267,658895,614190,631020,602838,670356
87411017,76000,Rouen Rive Droite,76,1059067,1059067,1059067,1059067,1059067,1059067,1059067,1059067,1059067,1059067,1059067,1059067,1103917,1103917,1103917,1103917,1103917,1103917,1103917,1103917,1103917,1103917,1103917,1103917,1060363,954895,1059650,937883,951331,993124,1047675,1023203,1003388,1001796,1060244,1001962,1074761,964624,1068682,1010679,1070208,1057892,1113920,989178,1024495,1030022,959597,418862,433832,531188,327284,0,159480,345017,514337,520282,528407,361635,126012,392488,600307,526007,550666,596773,616372,639486,723465,731939,682279,700974,669668,744671
87411173,76500,Elbeuf - Saint-Aubin,76,38132,38132,38132,38132,38132,38132,38132,38132,38132,38132,38132,38132,38890,38890,38890,38890,38890,38890,38890,38890,38890,38890,38890,38890,38784,34927,38758,34304,34796,36325,38320,37425,36700,36642,38780,36648,42950,38549,42707,40389,42768,42276,44515,39530,40941,41162,38348,16739,15970,19553,12047,0,5871,12700,18933,19152,19451,13312,4639,14448,23993,21023,22009,23851,24635,25559,28915,29254,27269,28016,26765,29763
87413013,76600,Le Havre,76,303939,303939,303939,303939,303939,303939,303939,303939,303939,303939,303939,303939,326630,326630,326630,326630,326630,326630,326630,326630,326630,326630,326630,326630,309734,278927,309526,273957,277886,290093,306028,298880,293091,292626,309699,292675,316781,284319,314990,297893,315439,311809,328324,291556,301966,303595,282837,123458,128136,156892,96667,0,47104,101904,151915,153670,156070,106812,37219,115925,172462,151116,158201,171447,177078,183718,207844,210279,196012,201383,192389,213937
87413385,76190,Yvetot,76,170481,170481,170481,170481,170481,170481,170481,170481,170481,170481,170481,170481,172522,172522,172522,172522,172522,172522,172522,172522,172522,172522,172522,172522,169299,152460,169185,149744,151891,158564,167273,163366,160202,159948,169280,159975,171091,153558,170123,160890,170366,168406,177325,157467,163089,163969,152758,66679,75265,92155,56780,0,27668,59857,89232,90263,91673,62740,21862,68092,98917,86674,90737,98334,101564,105372,119210,120607,112424,115504,110346,122705
87415018,76200,Dieppe,76,96980,96980,96980,96980,96980,96980,96980,96980,96980,96980,96980,96980,102238,102238,102238,102238,102238,102238,102238,102238,102238,102238,102238,102238,101602,91496,101533,89866,91154,95159,100386,98041,96142,95990,101590,96006,103235,92656,102651,97080,102798,101615,106997,95015,98407,98938,92173,40233,44494,54479,33566,0,16356,35385,52751,53360,54194,37089,12924,40254,63532,55668,58278,63158,65232,67678,76566,77462,72207,74185,70872,78810
87415604,27200,Vernon - Giverny,27,324680,324680,324680,324680,324680,324680,324680,324680,324680,324680,324680,324680,345370,345370,345370,345370,345370,345370,345370,345370,345370,345370,345370,345370,316965,285438,316752,280353,284373,296865,313172,305857,299933,299458,316929,299507,315291,282982,313508,296492,313956,310342,326779,290185,300545,302167,281507,122877,114873,140651,86660,0,42228,91356,136190,137764,139915,95756,33366,103926,192670,168823,176738,191536,197826,205245,232198,234918,218979,224980,214932,239004
87444000,14000,Caen,14,565399,565399,565399,565399,565399,565399,565399,565399,565399,565399,565399,565399,587640,587640,587640,587640,587640,587640,587640,587640,587640,587640,587640,587640,522138,470204,521787,461827,468449,489028,515890,503840,494082,493299,522079,493380,534589,479807,531565,502714,532324,526198,554067,492020,509587,512336,477306,208343,210571,257825,158856,0,77407,167463,249647,252532,256476,175528,61163,190504,311164,272651,285433,309332,319491,331472,375002,379395,353654,363344,347117,385994
87444265,14100,Lisieux,14,207367,207367,207367,207367,207367,207367,207367,207367,207367,207367,207367,207367,216528,216528,216528,216528,216528,216528,216528,216528,216528,216528,216528,216528,200706,180743,200572,177523,180069,187979,198305,193673,189922,189621,200684,189652,197761,177495,196642,185969,196923,194657,204966,182013,188512,189529,176570,77072,72501,88771,54695,0,26652,57659,85955,86949,88307,60436,21059,65592,103407,90609,94856,102799,106175,110156,124622,126082,117528,120748,115355,128275
87444372,14200,Trouville - Deauville,14,137787,137787,137787,137787,137787,137787,137787,137787,137787,137787,137787,137787,145467,145467,145467,145467,145467,145467,145467,145467,145467,145467,145467,145467,124885,112463,124801,110460,112044,116966,123391,120509,118175,117987,124871,118007,140686,126269,139890,132297,140090,138477,145812,129483,134106,134829,125611,54829,54005,66124,40741,0,19852,42949,64026,64766,65778,45017,15686,48858,81648,71542,74896,81167,83833,86976,98398,99551,92796,95339,91081,101282
87444539,61200,Argentan,61,54712,54712,54712,54712,54712,54712,54712,54712,54712,54712,54712,54712,55895,55895,55895,55895,55895,55895,55895,55895,55895,55895,55895,55895,51459,46341,51424,45515,46168,48196,50843,49656,48694,48617,51453,48625,50562,45381,50276,47547,50348,49769,52404,46536,48197,48457,45144,19705,19222,23536,14501,0,7066,15287,22789,23053,23413,16023,5583,17390,32215,28228,29551,32025,33077,34318,38824,39279,36614,37617,35937,39962
87444711,61000,Alençon,61,73712,73712,73712,73712,73712,73712,73712,73712,73712,73712,73712,73712,76630,76630,76630,76630,76630,76630,76630,76630,76630,76630,76630,76630,69414,62509,69367,61396,62276,65012,68583,66981,65684,65580,69406,65591,68669,61632,68280,64574,68378,67591,71171,63201,65457,65810,61311,26762,25502,31225,19239,0,9375,20281,30234,30584,31062,21258,7407,23072,39056,34222,35826,38826,40101,41605,47069,47620,44389,45605,43569,48448
87444877,50100,Cherbourg-en-Cotentin,50,103155,103155,103155,103155,103155,103155,103155,103155,103155,103155,103155,103155,106945,106945,106945,106945,106945,106945,106945,106945,106945,106945,106945,106945,96102,86543,96037,85001,86220,90008,94952,92734,90938,90794,96091,90809,98171,88111,97616,92318,97755,96630,101748,90354,93580,94085,87652,38260,34647,42422,26138,0,12736,27554,41076,41551,42200,28881,10064,31345,52227,45763,47908,51920,53625,55636,62942,63679,59359,60985,58261,64787
87447003,50000,Saint-Lô,50,42949,42949,42949,42949,42949,42949,42949,42949,42949,42949,42949,42949,44045,44045,44045,44045,44045,44045,44045,44045,44045,44045,44045,44045,38767,34911,38741,34289,34781,36309,38303,37408,36684,36626,38763,36632,39802,35724,39577,37429,39634,39178,41253,36633,37941,38145,35537,15512,15628,19135,11790,0,5745,12429,18528,18742,19035,13027,4539,14139,24735,21673,22689,24589,25397,26349,29809,30158,28112,28882,27593,30683
87447110,50200,Coutances,50,31719,31719,31719,31719,31719,31719,31719,31719,31719,31719,31719,31719,32498,32498,32498,32498,32498,32498,32498,32498,32498,32498,32498,32498,27317,24600,27299,24162,24508,25585,26990,26360,25849,25808,27314,25812,26731,23992,26580,25137,26618,26312,27705,24603,25481,25618,23867,10418,11473,14047,8655,0,4217,9124,13602,13759,13974,9564,3332,10379,18576,16277,17040,18466,19073,19788,22387,22649,21112,21691,20722,23043
87447680,50400,Granville,50,49260,49260,49260,49260,49260,49260,49260,49260,49260,49260,49260,49260,50167,50167,50167,50167,50167,50167,50167,50167,50167,50167,50167,50167,48556,43726,48523,42947,43563,45477,47975,46854,45947,45874,48550,45881,56069,50323,55752,52726,55832,55189,58112,51604,53447,53735,50061,21852,24865,30445,18758,0,9141,19775,29479,29820,30286,20727,7222,22496,37105,32512,34036,36886,38098,39526,44717,45241,42171,43327,41392,46028
87471003,35005,Rennes,35,1830006,1830006,1830006,1830006,1830006,1830006,1830006,1830006,1830006,1830006,1830006,1830006,2018697,2018697,2018697,2018697,2018697,2018697,2018697,2018697,2018697,2018697,2018697,2018697,2025847,1824347,2024486,1791846,1817539,1897385,2001607,1954853,1916995,1913953,2025620,1914271,2061950,1850650,2050287,1939007,2053215,2029586,2137078,1897757,1965514,1976117,1841007,803594,843651,1032974,636454,0,310132,670938,1000206,1011766,1027567,703253,245049,763252,1252865,1097797,1149263,1245489,1286393,1334632,1509901,1527587,1423943,1462961,1397623,1554158
87471300,35600,Redon,35,153208,153208,153208,153208,153208,153208,153208,153208,153208,153208,153208,153208,150461,150461,150461,150461,150461,150461,150461,150461,150461,150461,150461,150461,135583,122097,135492,119922,121641,126985,133960,130831,128298,128094,135568,128115,127005,113990,126287,119433,126467,125012,131633,116892,121065,121718,113396,49497,49761,60928,37540,0,18293,39574,58995,59677,60609,41480,14454,45019,84055,73651,77104,83560,86304,89541,101299,102486,95532,98150,93767,104269
87473009,22000,Saint-Brieuc,22,228342,228342,228342,228342,228342,228342,228342,228342,228342,228342,228342,228342,239487,239487,239487,239487,239487,239487,239487,239487,239487,239487,239487,239487,231616,208578,231460,204862,207800,216929,228844,223499,219171,218823,231590,218859,229947,206383,228646,216236,228972,226337,238325,211636,219192,220375,205307,89616,98197,120233,74080,0,36098,78094,116419,117764,119604,81855,28522,88839,149142,130682,136809,148264,153133,158875,179739,181845,169507,174152,166374,185008
87473207,22200,Guingamp,22,109128,109128,109128,109128,109128,109128,109128,109128,109128,109128,109128,109128,119167,119167,119167,119167,119167,119167,119167,119167,119167,119167,119167,119167,119348,107477,119268,105562,107076,111780,117920,115166,112935,112756,119335,112775,120890,108502,120206,113682,120378,118993,125295,111264,115236,115858,107936,47114,56586,69285,42689,0,20802,45002,67087,67862,68922,47169,16436,51194,87241,76443,80027,86727,89576,92935,105139,106371,99154,101871,97321,108221
87474007,29211,Brest,29,305926,305926,305926,305926,305926,305926,305926,305926,305926,305926,305926,305926,320576,320576,320576,320576,320576,320576,320576,320576,320576,320576,320576,320576,322876,290761,322659,285581,289676,302402,319012,311561,305527,305042,322840,305093,336738,302230,334833,316660,335311,331452,349007,309923,320989,322720,300656,131235,142866,174926,107779,0,52519,113618,169377,171335,174011,119091,41497,129251,221113,193746,202829,219811,227030,235544,266476,269598,251306,258192,246661,274287
87474098,29000,Quimper,29,165113,165113,165113,165113,165113,165113,165113,165113,165113,165113,165113,165113,178118,178118,178118,178118,178118,178118,178118,178118,178118,178118,178118,178118,178363,160623,178243,157761,160023,167053,176229,172113,168780,168512,178343,168540,181537,162934,180510,170713,180768,178687,188151,167081,173046,173980,162085,70750,81654,99978,61600,0,30016,64937,96806,97925,99454,68065,23717,73872,135172,118442,123995,134376,138790,143994,162904,164812,153630,157840,150790,167679
87474338,29600,Morlaix,29,105499,105499,105499,105499,105499,105499,105499,105499,105499,105499,105499,105499,111176,111176,111176,111176,111176,111176,111176,111176,111176,111176,111176,111176,105550,95051,105479,93358,94696,98856,104287,101851,99878,99720,105538,99736,106549,95631,105947,100196,106098,104877,110432,98065,101566,102114,95132,41525,46007,56331,34708,0,16912,36588,54544,55175,56036,38350,13363,41622,72273,63328,66297,71848,74208,76990,87101,88121,82142,84393,80624,89654
87476002,56100,Lorient Bretagne Sud,56,234011,234011,234011,234011,234011,234011,234011,234011,234011,234011,234011,234011,249496,249496,249496,249496,249496,249496,249496,249496,249496,249496,249496,249496,245329,220928,245164,216992,220103,229772,242394,236732,232147,231779,245302,231817,255374,229205,253930,240148,254293,251366,264679,235039,243431,244744,228010,99526,112829,138149,85118,0,41477,89730,133766,135312,137425,94052,32772,102076,176407,154573,161820,175368,181128,187920,212598,215089,200495,205989,196789,218830
87476200,56400,Auray,56,149733,149733,149733,149733,149733,149733,149733,149733,149733,149733,149733,149733,155609,155609,155609,155609,155609,155609,155609,155609,155609,155609,155609,155609,147409,132747,147310,130382,132252,138062,145645,142243,139489,139267,147393,139290,152348,136736,151486,143264,151703,149957,157899,140216,145223,146006,136023,59374,68247,83562,51486,0,25088,54275,80911,81846,83125,56889,19823,61743,109000,95509,99987,108358,111917,116114,131363,132901,123884,127279,121594,135213
87476606,56000,Vannes,56,248428,248428,248428,248428,248428,248428,248428,248428,248428,248428,248428,248428,270597,270597,270597,270597,270597,270597,270597,270597,270597,270597,270597,270597,264861,238517,264683,234267,237627,248066,261692,255579,250630,250232,264831,250273,274508,246378,272956,258141,273345,270200,284510,252649,261670,263081,245094,106983,119118,145850,89863,0,43789,94732,141223,142855,145086,99295,34599,107766,189990,166474,174279,188871,195074,202389,228968,231650,215933,221849,211941,235679
87478107,35400,Saint-Malo,35,206336,206336,206336,206336,206336,206336,206336,206336,206336,206336,206336,206336,219850,219850,219850,219850,219850,219850,219850,219850,219850,219850,219850,219850,214459,193128,214315,189687,192407,200860,211893,206943,202936,202614,214435,202647,218334,195960,217099,205316,217409,214907,226289,200948,208123,209245,194939,85090,98079,120089,73991,0,36054,78000,116279,117623,119460,81757,28488,88732,152115,133287,139536,151219,156185,162042,183322,185469,172886,177623,169690,188695
87478404,53000,Laval,53,243032,243032,243032,243032,243032,243032,243032,243032,243032,243032,243032,243032,256295,256295,256295,256295,256295,256295,256295,256295,256295,256295,256295,256295,260612,234690,260437,230509,233814,244086,257493,251479,246609,246217,260583,246258,245850,220656,244459,231191,244808,241991,254807,226273,234351,235616,219506,95814,94236,115383,71092,0,34642,74944,111723,113014,114779,78553,27372,85255,145573,127555,133535,144716,149468,155073,175438,177493,165451,169984,162392,180580
87481002,44041,Nantes,44,2217534,2217534,2217534,2217534,2217534,2217534,2217534,2217534,2217534,2217534,2217534,2217534,2383937,2383937,2383937,2383937,2383937,2383937,2383937,2383937,2383937,2383937,2383937,2383937,2370525,2134742,2368932,2096711,2126775,2220206,2342161,2287451,2243152,2239593,2370259,2239965,2380600,2136646,2367134,2238658,2370515,2343234,2467339,2191033,2269261,2281503,2125513,927780,942923,1154525,711345,0,346625,749887,1117901,1130820,1148481,786005,273884,853064,1483107,1299542,1360465,1474375,1522796,1579900,1787378,1808315,1685624,1731813,1654467,1839769
87481705,44600,Saint-Nazaire,44,165479,165479,165479,165479,165479,165479,165479,165479,165479,165479,165479,165479,173772,173772,173772,173772,173772,173772,173772,173772,173772,173772,173772,173772,159571,143700,159464,141140,143163,149453,157662,153979,150997,150758,159553,150783,164410,147562,163480,154608,163714,161830,170401,151318,156721,157567,146793,64075,68725,84147,51846,0,25264,54655,81478,82419,83707,57288,19962,62175,108283,94881,99329,107645,111181,115350,130498,132027,123069,126441,120794,134323
87481788,44490,Le Croisic,44,19733,19733,19733,19733,19733,19733,19733,19733,19733,19733,19733,19733,21350,21350,21350,21350,21350,21350,21350,21350,21350,21350,21350,21350,19454,17519,19441,17207,17454,18221,19221,18772,18409,18380,19452,18383,19918,17876,19805,18730,19833,19605,20643,18331,18986,19088,17783,7762,8488,10393,6403,0,3120,6750,10063,10179,10338,7076,2465,7679,13786,12079,12646,13704,14154,14685,16614,16808,15668,16097,15378,17101
87484006,49100,Angers Saint-Laud,49,1135549,1135549,1135549,1135549,1135549,1135549,1135549,1135549,1135549,1135549,1135549,1135549,1194563,1194563,1194563,1194563,1194563,1194563,1194563,1194563,1194563,1194563,1194563,1194563,1136484,1023444,1135720,1005211,1019624,1064418,1122886,1096657,1075419,1073712,1136357,1073891,1111069,997212,1104784,1044822,1106362,1093630,1151552,1022595,1059105,1064819,992015,433012,424012,519165,319876,0,155870,337208,502696,508505,516447,353449,123160,383604,660721,578944,606085,656832,678403,703843,796274,805601,750942,771520,737062,819614
87485003,17000,La Rochelle,17,334487,334487,334487,334487,334487,334487,334487,334487,334487,334487,334487,334487,390544,390544,390544,390544,390544,390544,390544,390544,390544,390544,390544,390544,374666,337400,374415,331390,336141,350908,370183,361536,354535,353972,374624,354031,386341,346751,384156,363306,384705,380277,400418,355577,368273,370259,344944,150567,164355,201237,123990,0,60418,130708,194854,197106,200184,137003,47739,148692,260468,228230,238930,258935,267439,277468,313906,317583,296035,304147,290563,323107
87485300,79000,Niort,79,238074,238074,238074,238074,238074,238074,238074,238074,238074,238074,238074,238074,235405,235405,235405,235405,235405,235405,235405,235405,235405,235405,235405,235405,218727,196972,218580,193462,196236,204857,216110,211062,206975,206646,218703,206680,211608,189923,210411,198991,210711,208286,219318,194757,201711,202799,188933,82469,88158,107941,66506,0,32407,70110,104517,105725,107376,73487,25606,79756,135149,118421,123973,134353,138765,143969,162876,164783,153603,157812,150764,167650
87486019,85000,La Roche-sur-Yon,85,163952,163952,163952,163952,163952,163952,163952,163952,163952,163952,163952,163952,168925,168925,168925,168925,168925,168925,168925,168925,168925,168925,168925,168925,158887,143083,158780,140534,142549,148811,156986,153319,150349,150111,158869,150136,151397,135882,150540,142370,150755,149020,156913,139341,144316,145095,135174,59003,62585,76630,47214,0,23007,49772,74199,75056,76228,52170,18179,56621,99736,87392,91489,99149,102405,106245,120198,121606,113355,116461,111260,123721
87491001,17100,Saintes,17,90977,90977,90977,90977,90977,90977,90977,90977,90977,90977,90977,90977,97846,97846,97846,97846,97846,97846,97846,97846,97846,97846,97846,97846,85191,76717,85133,75350,76431,79789,84171,82205,80613,80485,85181,80499,85710,76927,85225,80600,85347,84365,88833,78885,81702,82142,76526,33403,33921,41533,25590,0,12470,26977,40215,40680,41316,28276,9853,30688,62219,54518,57074,61853,63884,66280,74984,75862,70715,72653,69408,77182
87491803,17200,Royan,17,42239,42239,42239,42239,42239,42239,42239,42239,42239,42239,42239,42239,41997,41997,41997,41997,41997,41997,41997,41997,41997,41997,41997,41997,34223,30819,34200,30270,30704,32053,33814,33024,32384,32333,34219,32338,39577,35521,39353,37217,39410,38956,41019,36426,37726,37930,35336,15424,17304,21188,13054,0,6361,13762,20515,20753,21077,14425,5026,15655,26590,23299,24391,26434,27302,28326,32045,32421,30221,31049,29662,32985
87543009,45000,Orléans,45,638830,638830,638830,638830,638830,638830,638830,638830,638830,638830,638830,638830,690161,690161,690161,690161,690161,690161,690161,690161,690161,690161,690161,690161,644340,580251,643907,569913,578085,603481,636630,621759,609718,608751,644268,608852,586300,526218,582983,551342,583816,577097,607662,539613,558879,561894,523476,228496,226794,277689,171095,0,83371,180365,268880,271988,276236,189052,65875,205181,362387,317534,332420,360253,372085,386038,436733,441849,411870,423156,404258,449535
87543017,45400,Les Aubrais,45,303849,303849,303849,303849,303849,303849,303849,303849,303849,303849,303849,303849,312555,312555,312555,312555,312555,312555,312555,312555,312555,312555,312555,312555,297205,267643,297005,262875,266645,278358,293649,286789,281235,280789,297171,280836,273309,245302,271763,257013,272151,269019,283267,251546,260527,261932,244023,106516,97293,119127,73398,0,35766,77375,115348,116681,118503,81102,28260,88021,139827,122521,128265,139004,143569,148953,168514,170488,158921,163275,155983,173454
87547000,75013,Paris Austerlitz,75,3912167,3912167,3912167,3912167,3912167,3912167,3912167,3912167,3912167,3912167,3912167,3912167,3937542,3937542,3937542,3937542,3937542,3937542,3937542,3937542,3937542,3937542,3937542,3937542,3696401,3328740,3693916,3269438,3316317,3462006,3652172,3566862,3497786,3492237,3695987,3492817,3363361,3018699,3344337,3162823,3349114,3310571,3485908,3095538,3206060,3223355,3002969,1310788,1304149,1596813,983855,0,479414,1037163,1546159,1564028,1588454,1087116,378806,1179866,2517244,2205683,2309087,2502423,2584608,2681529,3033677,3069212,2860971,2939366,2808090,3122598
87571000,37000,Tours,37,870205,870205,870205,870205,870205,870205,870205,870205,870205,870205,870205,870205,914312,914312,914312,914312,914312,914312,914312,914312,914312,914312,914312,914312,879522,792041,878931,777930,789085,823750,868998,848700,832264,830943,879423,831081,851396,764148,846580,800632,847789,838032,882417,783599,811577,815955,760167,331811,345057,422491,260312,0,126845,274417,409089,413817,420280,287634,100226,312174,549731,481690,504272,546494,564442,585608,662512,670273,624796,641916,613247,681931
87571240,37700,Saint-Pierre-des-Corps,37,666282,666282,666282,666282,666282,666282,666282,666282,666282,666282,666282,666282,693219,693219,693219,693219,693219,693219,693219,693219,693219,693219,693219,693219,648194,583721,647758,573322,581543,607091,640438,625478,613365,612392,648121,612494,636571,571338,632970,598616,633874,626579,659765,585881,606799,610072,568361,248088,232247,284366,175208,0,85376,184701,275345,278527,282877,193597,67459,210114,366524,321159,336216,364367,376333,390445,441720,446894,416573,427988,408873,454667
87574004,41000,Blois - Chambord,41,281148,281148,281148,281148,281148,281148,281148,281148,281148,281148,281148,281148,295614,295614,295614,295614,295614,295614,295614,295614,295614,295614,295614,295614,274856,247518,274672,243108,246594,257427,271568,265224,260088,259675,274826,259718,258724,232211,257261,243298,257628,254663,268151,238122,246624,247954,231001,100831,102311,125271,77184,0,37610,81366,121297,122699,124615,85285,29718,92561,154784,135626,141984,153872,158926,164885,186539,188724,175919,180740,172667,192006
87575001,86000,Poitiers,86,588847,588847,588847,588847,588847,588847,588847,588847,588847,588847,588847,588847,640145,640145,640145,640145,640145,640145,640145,640145,640145,640145,640145,640145,604189,544094,603783,534401,542063,565877,596960,583016,571725,570818,604121,570913,590940,530383,587597,555705,588437,581665,612471,543883,563302,566341,527619,230304,222346,272242,167738,0,81736,176827,263606,266653,270817,185343,64583,201156,360549,315924,330735,358426,370198,384080,434519,439609,409782,421011,402208,447255
87575142,86100,Châtellerault,86,94923,94923,94923,94923,94923,94923,94923,94923,94923,94923,94923,94923,97358,97358,97358,97358,97358,97358,97358,97358,97358,97358,97358,97358,85095,76631,85037,75265,76345,79699,84076,82112,80522,80395,85085,80408,84348,75705,83871,79319,83991,83024,87422,77632,80403,80837,75310,32873,36921,45206,27853,0,13572,29363,43772,44278,44970,30777,10724,33403,55776,48873,51164,55448,57269,59416,67219,68006,63392,65129,62220,69189
87576009,18100,Vierzon,18,160598,160598,160598,160598,160598,160598,160598,160598,160598,160598,160598,160598,162277,162277,162277,162277,162277,162277,162277,162277,162277,162277,162277,162277,148898,134088,148798,131699,133588,139456,147117,143680,140898,140674,148882,140697,149512,134190,148666,140597,148878,147165,154959,137606,142519,143288,133491,58269,63831,78155,48154,0,23465,50763,75676,76551,77746,53208,18540,57748,102512,89824,94035,101909,105255,109202,123543,124990,116510,119703,114356,127164
87576207,18000,Bourges,18,165003,165003,165003,165003,165003,165003,165003,165003,165003,165003,165003,165003,171584,171584,171584,171584,171584,171584,171584,171584,171584,171584,171584,171584,158110,142383,158003,139847,141852,148084,156218,152569,149614,149377,158092,149402,168168,150935,167217,158141,167456,165528,174295,154777,160303,161168,150148,65539,67384,82506,50835,0,24771,53589,79888,80812,82074,56170,19572,60962,104145,91255,95533,103532,106932,110942,125511,126981,118366,121609,116178,129190
87581009,33800,Bordeaux Saint-Jean,33,2271513,2271513,2271513,2271513,2271513,2271513,2271513,2271513,2271513,2271513,2271513,2271513,2789355,2789355,2789355,2789355,2789355,2789355,2789355,2789355,2789355,2789355,2789355,2789355,2994505,2696658,2992492,2648616,2686594,2804619,2958675,2889564,2833605,2829109,2994170,2829579,3011936,2703286,2994900,2832351,2999177,2964661,3121678,2772096,2871071,2886559,2689200,1173828,1215870,1488723,917257,0,446962,966956,1441497,1458157,1480930,1013528,353165,1099999,2052429,1798399,1882709,2040345,2107355,2186379,2473502,2502475,2332686,2396606,2289570,2546003
87582668,33120,Arcachon,33,144746,144746,144746,144746,144746,144746,144746,144746,144746,144746,144746,144746,166183,166183,166183,166183,166183,166183,166183,166183,166183,166183,166183,166183,165716,149234,165605,146575,148677,155208,163734,159909,156812,156563,165698,156589,181392,162804,180366,170577,180624,178545,188001,166948,172909,173841,161956,70693,82327,100802,62108,0,30264,65473,97604,98732,100274,68626,23913,74481,120294,105406,110347,119586,123514,128145,144974,146672,136721,140467,134193,149223
87583005,16022,Angoulême,16,306286,306286,306286,306286,306286,306286,306286,306286,306286,306286,306286,306286,332833,332833,332833,332833,332833,332833,332833,332833,332833,332833,332833,332833,310590,279697,310381,274714,278653,290895,306873,299705,293901,293435,310555,293483,303122,272059,301407,285048,301837,298364,314166,278984,288945,290504,270641,118134,117720,144137,88808,0,43275,93620,139565,141178,143382,98129,34193,106501,184289,161479,169049,183204,189220,196316,222097,224698,209453,215192,205581,228607
87584052,33500,Libourne,33,250468,250468,250468,250468,250468,250468,250468,250468,250468,250468,250468,250468,252775,252775,252775,252775,252775,252775,252775,252775,252775,252775,252775,252775,235656,212217,235498,208436,211425,220713,232837,227398,222994,222640,235630,222677,255633,229436,254187,240391,254550,251620,264947,235277,243677,244991,228241,99627,109480,134049,82592,0,40246,87067,129796,131296,133347,91261,31800,99047,167124,146439,153304,166140,171597,178031,201411,203770,189945,195150,186434,207315
87584268,24100,Bergerac,24,51563,51563,51563,51563,51563,51563,51563,51563,51563,51563,51563,51563,55754,55754,55754,55754,55754,55754,55754,55754,55754,55754,55754,55754,50894,45832,50860,45016,45661,47667,50285,49111,48160,48083,50889,48091,31816,28555,31636,29919,31681,31316,32975,29282,30328,30491,28407,12399,21808,26702,16452,0,8017,17344,25855,26154,26563,18179,6334,19730,35022,30687,32126,34816,35959,37307,42207,42701,39804,40895,39068,43444
87586008,47000,Agen,47,214054,214054,214054,214054,214054,214054,214054,214054,214054,214054,214054,214054,223960,223960,223960,223960,223960,223960,223960,223960,223960,223960,223960,223960,207975,187289,207835,183952,186590,194787,205486,200686,196800,196488,207952,196520,207835,186537,206660,195443,206955,204573,215408,191285,198115,199184,185565,80999,94245,115395,71099,0,34645,74951,111734,113026,114791,78561,27375,85264,148704,130299,136407,147828,152683,158409,179212,181311,169009,173640,165885,184465
87586545,47200,Marmande,47,78728,78728,78728,78728,78728,78728,78728,78728,78728,78728,78728,78728,83454,83454,83454,83454,83454,83454,83454,83454,83454,83454,83454,83454,78722,70892,78669,69629,70627,73730,77780,75963,74492,74374,78713,74386,81550,73193,81089,76688,81205,80270,84522,75057,77736,78156,72812,31782,33090,40516,24963,0,12164,26316,39230,39684,40304,27583,9611,29937,51251,44908,47013,50949,52623,54596,61766,62489,58249,59845,57173,63576
87592006,87000,Limoges Bénédictins,87,308199,308199,308199,308199,308199,308199,308199,308199,308199,308199,308199,308199,318044,318044,318044,318044,318044,318044,318044,318044,318044,318044,318044,318044,273522,246317,273338,241928,245397,256178,270249,263937,258825,258415,273492,258458,272779,244826,271236,256515,271624,268498,282718,251058,260022,261424,243550,106309,109726,134349,82777,0,40336,87262,130087,131591,133646,91465,31871,99269,175391,153683,160888,174359,180085,186838,211374,213850,199341,204803,195656,217570
87594002,19100,Brive-la-Gaillarde,19,156859,156859,156859,156859,156859,156859,156859,156859,156859,156859,156859,156859,162112,162112,162112,162112,162112,162112,162112,162112,162112,162112,162112,162112,142291,128138,142195,125855,127659,133268,140588,137304,134645,134431,142275,134454,138983,124741,138197,130696,138395,136802,144047,127916,132483,133198,124091,54165,58910,72130,44442,0,21656,46850,69842,70649,71753,49106,17111,53296,97581,85504,89512,97007,100193,103950,117601,118978,110906,113945,108856,121048
87595009,24000,Périgueux,24,156601,156601,156601,156601,156601,156601,156601,156601,156601,156601,156601,156601,161269,161269,161269,161269,161269,161269,161269,161269,161269,161269,161269,161269,138375,124612,138282,122392,124147,129600,136719,133526,130940,130732,138359,130754,138251,124084,137469,130008,137665,136081,143288,127242,131785,132496,123437,53880,60140,73636,45370,0,22108,47828,71301,72125,73251,50132,17469,54409,91813,80449,84221,91272,94270,97805,110649,111945,104350,107209,102421,113892
87597005,36000,Châteauroux,36,140820,140820,140820,140820,140820,140820,140820,140820,140820,140820,140820,140820,147740,147740,147740,147740,147740,147740,147740,147740,147740,147740,147740,147740,136585,123000,136493,120808,122541,127924,134951,131799,129246,129041,136570,129062,138157,123999,137375,129919,137571,135988,143190,127155,131695,132406,123353,53843,61305,75063,46249,0,22536,48755,72682,73522,74670,51103,17807,55463,77541,67944,71129,77085,79616,82602,93449,94544,88129,90544,86501,96189
87611004,31500,Toulouse Matabiau,31,2017933,2017933,2017933,2017933,2017933,2017933,2017933,2017933,2017933,2017933,2017933,2017933,2180834,2180834,2180834,2180834,2180834,2180834,2180834,2180834,2180834,2180834,2180834,2180834,1842973,1659662,1841734,1630095,1653468,1726107,1820921,1778387,1743946,1741179,1842766,1741469,1914869,1718642,1904038,1800696,1906757,1884814,1984639,1762388,1825312,1835159,1709686,746273,940579,1151655,709577,0,345763,748023,1115122,1128009,1145626,784051,273203,850944,1452122,1272391,1332042,1443572,1490982,1546893,1750036,1770535,1650407,1695631,1619902,1801332
87611244,82000,Montauban Ville Bourbon,82,207347,207347,207347,207347,207347,207347,207347,207347,207347,207347,207347,207347,215212,215212,215212,215212,215212,215212,215212,215212,215212,215212,215212,215212,181403,163360,181281,160449,162750,169900,179232,175046,171656,171383,181382,171412,179879,161446,178861,169154,179117,177056,186433,165555,171466,172391,160604,70103,91448,111970,68989,0,33617,72727,108418,109671,111383,76229,26562,82733,141134,123666,129464,140303,144911,150345,170089,172081,160406,164801,157441,175075
87615286,11000,Carcassonne,11,151840,151840,151840,151840,151840,151840,151840,151840,151840,151840,151840,151840,162933,162933,162933,162933,162933,162933,162933,162933,162933,162933,162933,162933,133765,120461,133675,118314,120011,125283,132165,129078,126578,126377,133750,126398,136914,122884,136140,128751,136334,134765,141903,126012,130511,131215,122244,53359,63699,77994,48055,0,23416,50659,75520,76392,77586,53098,18502,57629,106046,92920,97277,105421,108884,112967,127802,129299,120526,123829,118298,131548
87641001,3100,Montluçon,31,64438,64438,64438,64438,64438,64438,64438,64438,64438,64438,64438,64438,64828,64828,64828,64828,64828,64828,64828,64828,64828,64828,64828,64828,57993,52225,57954,51294,52030,54316,57299,55961,54877,54790,57987,54799,51717,46418,51425,48634,51498,50906,53602,47599,49299,49564,46176,20156,20942,25642,15799,0,7698,16655,24828,25115,25507,17457,6083,18946,28153,24669,25825,27988,28907,29991,33929,34327,31998,32874,31406,34924
87671008,65000,Tarbes,65,89886,89886,89886,89886,89886,89886,89886,89886,89886,89886,89886,89886,95355,95355,95355,95355,95355,95355,95355,95355,95355,95355,95355,95355,75808,68267,75757,67051,68013,71000,74900,73151,71734,71620,75799,71632,73036,65552,72623,68682,72727,71890,75698,67221,69621,69996,65210,28464,36314,44463,27395,0,13349,28880,43053,43550,44230,30271,10548,32853,61465,53857,56382,61103,63110,65476,74075,74942,69858,71772,68566,76246
87671339,65100,Lourdes,65,76254,76254,76254,76254,76254,76254,76254,76254,76254,76254,76254,76254,79990,79990,79990,79990,79990,79990,79990,79990,79990,79990,79990,79990,70378,63378,70331,62249,63141,65915,69536,67912,66596,66491,70370,66502,71261,63958,70858,67012,70959,70142,73857,65586,67928,68294,63625,27772,21819,26715,16460,0,8021,17352,25868,26167,26575,18188,6338,19740,35855,31417,32890,35644,36814,38195,43210,43717,40751,41867,39997,44477
87672006,64000,Pau,64,142518,142518,142518,142518,142518,142518,142518,142518,142518,142518,142518,142518,155716,155716,155716,155716,155716,155716,155716,155716,155716,155716,155716,155716,135952,122430,135861,120249,121973,127331,134325,131188,128647,128443,135937,128464,143700,128974,142887,135132,143091,141444,148935,132257,136979,137718,128302,56003,67990,83248,51292,0,24994,54071,80607,81539,82812,56676,19749,61511,120749,105804,110764,120039,123981,128630,145522,147227,137238,140998,134701,149788
87673004,64100,Bayonne,64,141727,141727,141727,141727,141727,141727,141727,141727,141727,141727,141727,141727,159476,159476,159476,159476,159476,159476,159476,159476,159476,159476,159476,159476,146706,132114,146607,129760,131621,137403,144951,141565,138823,138603,146690,138626,153539,137805,152670,144384,152888,151129,159133,141313,146358,147147,137087,59838,68243,83557,51483,0,25087,54272,80906,81842,83120,56886,19822,61739,118569,103894,108765,117871,121742,126308,142895,144569,134760,138453,132269,147083
87673202,40100,Dax,40,163880,163880,163880,163880,163880,163880,163880,163880,163880,163880,163880,163880,174488,174488,174488,174488,174488,174488,174488,174488,174488,174488,174488,174488,162114,145989,162005,143388,145444,151834,160174,156433,153403,153160,162096,153185,159906,143520,159002,150372,159229,157396,165732,147173,152428,153250,142772,62320,69618,85241,52520,0,25592,55366,82537,83491,84794,58032,20221,62983,121450,106418,111407,120735,124700,129376,146366,148081,138034,141816,135482,150656
87677005,64700,Hendaye,64,60916,60916,60916,60916,60916,60916,60916,60916,60916,60916,60916,60916,64642,64642,64642,64642,64642,64642,64642,64642,64642,64642,64642,64642,57771,52025,57732,51098,51830,54107,57079,55746,54667,54580,57764,54589,61257,54980,60911,57605,60998,60296,63489,56379,58392,58707,54693,23873,20353,24920,15354,0,7482,16186,24130,24409,24790,16966,5912,18413,32269,28275,29601,32079,33133,34375,38890,39345,36676,37681,35998,40030
87683268,89400,Laroche - Migennes,89,73925,73925,73925,73925,73925,73925,73925,73925,73925,73925,73925,73925,74122,74122,74122,74122,74122,74122,74122,74122,74122,74122,74122,74122,63889,57534,63846,56509,57320,59838,63124,61650,60456,60360,63882,60370,62304,55919,61952,58589,62040,61326,64574,57343,59390,59711,55628,24282,25433,31141,19187,0,9350,20227,30153,30502,30978,21201,7387,23010,47058,41233,43166,46781,48317,50129,56712,57376,53483,54949,52495,58374
87686006,75012,Paris Gare de Lyon,75,20862218,20862218,20862218,20862218,20862218,20862218,20862218,20862218,20862218,20862218,20862218,20862218,21310330,21310330,21310330,21310330,21310330,21310330,21310330,21310330,21310330,21310330,21310330,21310330,20749733,18685872,20735785,18352976,18616131,19433958,20501456,20022570,19634811,19603660,20747409,19606915,19275057,17299835,19166031,18125794,19193405,18972520,19977359,17740189,18373582,18472697,17209687,7511981,6018071,7368585,4540057,0,2212285,4786046,7134838,7217296,7330012,5016560,1748024,5444558,10095378,8845867,9260569,10035942,10365543,10754242,12166528,12309040,11473893,11788297,11261814,12523145
87686667,75012,Paris Bercy Bourgogne - Pays d'Auvergne,75,628751,628751,628751,628751,628751,628751,628751,628751,628751,628751,628751,628751,679850,679850,679850,679850,679850,679850,679850,679850,679850,679850,679850,679850,676424,609144,675970,598292,606871,633531,668331,652719,640079,639063,676348,639169,671096,602325,667300,631082,668253,660562,695547,617656,639709,643160,599186,261543,247697,303283,186864,0,91055,196988,293662,297056,301695,206476,71947,224092,380819,333685,349328,378577,391010,405673,458947,464323,432820,444680,424819,472400
87688887,34000,Montpellier Sud de France,34,0,0,0,0,0,0,0,0,0,0,0,0,0,0,0,0,0,0,0,0,0,0,0,0,77481,69774,77429,68531,69514,72568,76554,74766,73318,73201,77472,73214,157000,140911,156112,147639,156335,154536,162720,144498,149657,150465,140177,61187,111671,136731,84245,0,41051,88810,132394,133924,136016,93087,32436,101029,164167,143848,150592,163200,168560,174881,197847,200165,186584,191696,183135,203646
87696005,58000,Nevers,58,155918,155918,155918,155918,155918,155918,155918,155918,155918,155918,155918,155918,165069,165069,165069,165069,165069,165069,165069,165069,165069,165069,165069,165069,153496,138228,153393,135766,137712,143762,151659,148117,145248,145018,153479,145042,150473,135053,149622,141501,149835,148111,155955,138491,143435,144209,134349,58643,61259,75007,46214,0,22519,48718,72627,73467,74614,51065,17794,55421,96924,84927,88909,96353,99517,103249,116808,118176,110158,113177,108122,120232
87696328,3000,Moulins sur Allier,30,126928,126928,126928,126928,126928,126928,126928,126928,126928,126928,126928,126928,133672,133672,133672,133672,133672,133672,133672,133672,133672,133672,133672,133672,121348,109278,121267,107332,108871,113653,119896,117096,114828,114646,121335,114665,119590,107335,118913,112459,119083,117713,123947,110067,113997,114612,106776,46607,48634,59547,36689,0,17878,38677,57658,58325,59236,40540,14126,43999,71948,63043,65999,71525,73874,76644,86709,87725,81773,84014,80262,89251
87703975,30129,Nîmes Pont du Gard,30,0,0,0,0,0,0,0,0,0,0,0,0,0,0,0,0,0,0,0,0,0,0,0,0,0,0,0,0,0,0,0,0,0,0,0,0,2597,2331,2582,2442,2586,2556,2691,2390,2475,2489,2319,1012,44343,54294,33452,0,16301,35265,52571,53179,54009,36963,12880,40117,74108,64936,67980,73672,76091,78945,89312,90358,84228,86536,82671,91930
87713040,21000,Dijon,21,1156277,1156277,1156277,1156277,1156277,1156277,1156277,1156277,1156277,1156277,1156277,1156277,1216338,1216338,1216338,1216338,1216338,1216338,1216338,1216338,1216338,1216338,1216338,1216338,1136108,1023106,1135345,1004879,1019288,1064066,1122515,1096294,1075063,1073358,1135981,1073536,1138598,1021919,1132157,1070710,1133775,1120727,1180083,1047932,1085347,1091202,1016594,443741,474636,581149,358068,0,174480,377468,562714,569217,578107,395649,137864,429404,638116,559136,585349,634359,655193,679762,769031,778039,725250,745123,711845,791572
87718007,25000,Besançon Viotte,25,356972,356972,356972,356972,356972,356972,356972,356972,356972,356972,356972,356972,370503,370503,370503,370503,370503,370503,370503,370503,370503,370503,370503,370503,340780,306884,340551,301417,305739,319170,336702,328837,322469,321957,340742,322011,345018,309662,343066,324446,343556,339602,357589,317544,328882,330656,308048,134462,162131,198515,122312,0,59600,128939,192217,194439,197476,135150,47093,146680,223787,196089,205282,222470,229776,238392,269699,272858,254345,261315,249644,277604
87722025,69286,Lyon Perrache,69,1087198,1087198,1087198,1087198,1087198,1087198,1087198,1087198,1087198,1087198,1087198,1087198,1117512,1117512,1117512,1117512,1117512,1117512,1117512,1117512,1117512,1117512,1117512,1117512,1095771,986781,1095034,969201,983098,1026286,1082660,1057370,1036893,1035248,1095648,1035420,1312864,1178328,1305438,1234586,1307303,1292258,1360700,1208321,1251463,1258214,1172188,511657,485439,594376,366217,0,178451,386059,575521,582173,591265,404654,141002,439177,720070,630947,660526,715831,739340,767065,867799,877964,818395,840821,803268,893235
87723197,69003,Lyon Part Dieu,69,6324428,6324428,6324428,6324428,6324428,6324428,6324428,6324428,6324428,6324428,6324428,6324428,6781117,6781117,6781117,6781117,6781117,6781117,6781117,6781117,6781117,6781117,6781117,6781117,6330186,5700557,6325930,5598999,5679281,5928778,6254443,6108348,5990053,5980550,6329476,5981542,5798355,5204166,5765558,5452632,5773793,5707346,6009623,5336634,5527172,5556988,5177047,2259767,2218355,2716176,1673536,0,815483,1764212,2630013,2660408,2701957,1849183,644349,2006949,3410825,2988665,3128776,3390744,3502103,3633429,4110584,4158733,3876570,3982795,3804917,4231070
87725002,71100,Chalon-sur-Saône,71,243265,243265,243265,243265,243265,243265,243265,243265,243265,243265,243265,243265,256303,256303,256303,256303,256303,256303,256303,256303,256303,256303,256303,256303,232211,209114,232055,205389,208334,217486,229432,224073,219734,219385,232185,219422,224602,201586,223332,211211,223651,221077,232786,206717,214098,215253,200536,87533,113874,139428,85907,0,41861,90562,135006,136566,138699,94923,33076,103022,148891,130463,136579,148015,152876,158608,179437,181539,169222,173859,166094,184697
87725689,71000,Mâcon,71,213775,213775,213775,213775,213775,213775,213775,213775,213775,213775,213775,213775,227643,227643,227643,227643,227643,227643,227643,227643,227643,227643,227643,227643,211345,190324,211203,186933,189613,197943,208816,203939,199989,199672,211321,199705,209739,188245,208552,197233,208850,206447,217381,193037,199929,201008,187265,81740,91234,111708,68827,0,33538,72556,108164,109414,111123,76051,26500,82540,132128,115775,121202,131350,135664,140752,159235,161101,150170,154285,147395,163903
87726000,42000,Saint-Étienne Châteaucreux,42,630482,630482,630482,630482,630482,630482,630482,630482,630482,630482,630482,630482,677182,677182,677182,677182,677182,677182,677182,677182,677182,677182,677182,677182,635087,571918,634660,561730,569784,594815,627488,612831,600963,600009,635016,600109,639764,574204,636145,601619,637054,629723,663074,588820,609843,613133,571212,249332,194468,238109,146708,0,71488,154657,230556,233220,236862,162105,56486,175936,336429,294789,308609,334448,345432,358386,405450,410199,382368,392846,375300,417334
87726802,42300,Roanne,42,178158,178158,178158,178158,178158,178158,178158,178158,178158,178158,178158,178158,187698,187698,187698,187698,187698,187698,187698,187698,187698,187698,187698,187698,159777,143885,159669,141321,143348,149645,157865,154178,151192,150952,159759,150977,161166,144651,160255,151557,160484,158637,167039,148333,153629,154457,143897,62811,67775,82985,51130,0,24915,53900,80352,81281,82551,56496,19686,61317,97677,85587,89600,97102,100291,104051,117716,119095,111014,114056,108962,121166
87732008,3200,Vichy,32,221037,221037,221037,221037,221037,221037,221037,221037,221037,221037,221037,221037,234901,234901,234901,234901,234901,234901,234901,234901,234901,234901,234901,234901,216544,195005,216398,191531,194277,202812,213953,208955,204908,204583,216519,204617,217393,195116,216163,204431,216472,213981,225314,200082,207226,208344,194099,84724,88151,107933,66501,0,32405,70105,104509,105717,107368,73481,25605,79750,127848,112025,117276,127096,131270,136192,154078,155882,145306,149288,142620,158594
87734004,63000,Clermont-Ferrand,63,655962,655962,655962,655962,655962,655962,655962,655962,655962,655962,655962,655962,703230,703230,703230,703230,703230,703230,703230,703230,703230,703230,703230,703230,653887,588848,653447,578358,586651,612423,646063,630972,618752,617771,653814,617873,667029,598674,663256,627257,664203,656559,691332,613913,635832,639262,595555,259958,288994,353848,218019,0,106236,229831,342623,346583,351995,240901,83942,261454,404285,354246,370853,401904,415104,430670,487227,492934,459489,472080,450996,501508
87734053,63140,Riom - Châtel-Guyon,63,153321,153321,153321,153321,153321,153321,153321,153321,153321,153321,153321,153321,163052,163052,163052,163052,163052,163052,163052,163052,163052,163052,163052,163052,149858,134953,149757,132548,134449,140355,148065,144606,141806,141581,149841,141604,158607,142354,157710,149150,157935,156118,164386,145977,151189,152005,141612,61813,71272,87266,53768,0,26200,56681,84497,85474,86809,59411,20702,64480,98667,86455,90508,98086,101308,105107,118910,120303,112140,115213,110068,122395
87741009,73010,Chambéry - Challes-les-Eaux,73,679544,679544,679544,679544,679544,679544,679544,679544,679544,679544,679544,679544,709038,709038,709038,709038,709038,709038,709038,709038,709038,709038,709038,709038,646314,582029,645879,571660,579856,605330,638580,623664,611586,610616,646241,610717,635145,570058,631552,597275,632455,625176,658287,584569,605440,608706,567088,247532,270045,330646,203723,0,99270,214761,320157,323857,328915,225105,78438,244310,401391,351711,368199,399028,412133,427587,483740,489406,456201,468701,447768,497919
87741132,73100,Aix-les-Bains le Revard,73,242947,242947,242947,242947,242947,242947,242947,242947,242947,242947,242947,242947,256952,256952,256952,256952,256952,256952,256952,256952,256952,256952,256952,256952,241420,217407,241258,213534,216596,226111,238531,232960,228448,228086,241393,228124,259952,233314,258482,244453,258851,255872,269424,239252,247795,249131,232098,101310,108253,132546,81667,0,39795,86091,128342,129825,131852,90238,31443,97937,166116,145556,152380,165138,170562,176958,200196,202541,188799,193973,185309,206064
87741728,73600,Moûtiers - Salins - Brides-les-Bains,73,71844,71844,71844,71844,71844,71844,71844,71844,71844,71844,71844,71844,70807,70807,70807,70807,70807,70807,70807,70807,70807,70807,70807,70807,68455,61646,68409,60548,61416,64114,67636,66056,64777,64674,68448,64685,62115,55750,61764,58412,61852,61140,64378,57169,59210,59529,55459,24208,26669,32654,20119,0,9804,21209,31618,31984,32483,22231,7746,24128,27077,23726,24838,26918,27802,28845,32633,33015,30775,31618,30206,33589
87741793,73700,Bourg-Saint-Maurice,73,65113,65113,65113,65113,65113,65113,65113,65113,65113,65113,65113,65113,64862,64862,64862,64862,64862,64862,64862,64862,64862,64862,64862,64862,64625,58197,64581,57160,57980,60527,63852,62360,61152,61055,64618,61066,63335,56844,62976,59558,63066,62341,65642,58291,60373,60698,56548,24683,26952,33000,20333,0,9908,21434,31953,32323,32827,22467,7829,24383,25695,22515,23571,25544,26383,27372,30967,31330,29204,30004,28664,31875
87742007,73500,Modane,73,35387,35387,35387,35387,35387,35387,35387,35387,35387,35387,35387,35387,39062,39062,39062,39062,39062,39062,39062,39062,39062,39062,39062,39062,37334,33621,37309,33022,33496,34967,36888,36026,35328,35272,37330,35278,34173,30671,33980,32135,34028,33636,35418,31452,32575,32750,30511,13318,17403,21308,13129,0,6397,13840,20632,20871,21197,14507,5055,15744,23656,20728,21700,23516,24289,25200,28509,28843,26886,27623,26389,29344
87743005,1000,Bourg-en-Bresse,10,324003,324003,324003,324003,324003,324003,324003,324003,324003,324003,324003,324003,340140,340140,340140,340140,340140,340140,340140,340140,340140,340140,340140,340140,311781,280770,311572,275768,279722,292011,308051,300855,295029,294561,311746,294609,303775,272645,302057,285663,302488,299007,314843,279585,289568,291130,271225,118389,132901,162725,100261,0,48855,105693,157563,159384,161873,110784,38603,120236,182499,159911,167408,181425,187383,194410,219940,222517,207419,213103,203585,226387
87743716,1500,Ambérieu-en-Bugey,15,212835,212835,212835,212835,212835,212835,212835,212835,212835,212835,212835,212835,219155,219155,219155,219155,219155,219155,219155,219155,219155,219155,219155,219155,209323,188503,209182,185145,187799,196049,206818,201987,198076,197761,209300,197794,205691,184613,204527,193427,204820,202462,213185,189312,196071,197129,183651,80163,87665,107338,66135,0,32226,69719,103933,105135,106777,73076,25464,79311,125197,109701,114844,124460,128547,133368,150882,152649,142292,146191,139662,155305
87745000,1200,Bellegarde-sur-Valserine,12,246494,246494,246494,246494,246494,246494,246494,246494,246494,246494,246494,246494,245221,245221,245221,245221,245221,245221,245221,245221,245221,245221,245221,245221,208846,188073,208706,184723,187371,195603,206347,201527,197624,197311,208823,197344,216701,194494,215475,203780,215783,213300,224596,199445,206566,207680,193481,84454,82089,100510,61928,0,30176,65283,97322,98446,99984,68428,23844,74266,136550,119649,125259,135746,140205,145462,164565,166492,155196,159449,152328,169388
87745497,74100,Annemasse,74,143831,143831,143831,143831,143831,143831,143831,143831,143831,143831,143831,143831,148857,148857,148857,148857,148857,148857,148857,148857,148857,148857,148857,148857,115892,104365,115814,102505,103975,108543,114505,111831,109665,109491,115879,109509,121782,109302,121093,114520,121266,119870,126219,112084,116086,116712,108732,47461,70922,86837,53504,0,26071,56402,84082,85054,86383,59119,20600,64163,128572,112659,117941,127816,132013,136964,154950,156765,146129,150133,143428,159492
87745646,74200,Thonon-les-Bains,74,86435,86435,86435,86435,86435,86435,86435,86435,86435,86435,86435,86435,90705,90705,90705,90705,90705,90705,90705,90705,90705,90705,90705,90705,74152,66777,74102,65587,66527,69450,73265,71553,70168,70056,74144,70068,74881,67208,74458,70416,74564,73706,77609,68918,71379,71764,66857,29183,34300,41997,25876,0,12609,27278,40665,41135,41777,28592,9963,31031,56039,49103,51405,55709,57539,59696,67536,68327,63691,65436,62514,69515
87745679,74500,Évian-les-Bains,74,32590,32590,32590,32590,32590,32590,32590,32590,32590,32590,32590,32590,34675,34675,34675,34675,34675,34675,34675,34675,34675,34675,34675,34675,28770,25909,28751,25447,25812,26946,28426,27762,27224,27181,28767,27186,29393,26381,29227,27640,29268,28931,30464,27052,28018,28169,26243,11455,12700,15550,9581,0,4669,10100,15057,15231,15469,10587,3689,11490,21039,18435,19299,20915,21602,22412,25355,25652,23912,24567,23470,26098
87746008,74000,Annecy,74,415673,415673,415673,415673,415673,415673,415673,415673,415673,415673,415673,415673,448292,448292,448292,448292,448292,448292,448292,448292,448292,448292,448292,448292,414221,373021,413943,366375,371629,387955,409265,399705,391964,391342,414175,391407,400474,359435,398209,376596,398778,394188,415066,368584,381744,383804,357562,156075,171082,209474,129065,0,62891,136058,202829,205173,208377,142611,49693,154778,267189,234119,245094,265616,274339,284627,322005,325777,303673,311994,298060,331443
87746479,74170,Saint-Gervais-les-Bains Le Fayet,74,72505,72505,72505,72505,72505,72505,72505,72505,72505,72505,72505,72505,72883,72883,72883,72883,72883,72883,72883,72883,72883,72883,72883,72883,64957,58496,64913,57454,58278,60838,64180,62681,61467,61369,64950,61379,61085,54825,60739,57443,60826,60126,63310,56221,58228,58542,54539,23806,30575,37436,23066,0,11240,24316,36249,36668,37240,25487,8881,27661,39309,34443,36058,39077,40360,41874,47373,47928,44676,45900,43850,48762
87747006,38000,Grenoble,38,1471847,1471847,1471847,1471847,1471847,1471847,1471847,1471847,1471847,1471847,1471847,1471847,1560567,1560567,1560567,1560567,1560567,1560567,1560567,1560567,1560567,1560567,1560567,1560567,1435169,1292421,1434204,1269396,1287597,1344163,1417997,1384874,1358055,1355900,1435008,1356125,1450798,1302127,1442592,1364295,1444652,1428026,1503659,1335271,1382945,1390406,1295341,565413,567657,695045,428243,0,208675,451446,672997,680775,691407,473189,164883,513561,837794,734100,768515,832862,860215,892472,1009675,1021501,952194,978286,934594,1039270
87751008,13232,Marseille Saint-Charles,13,2741049,2741049,2741049,2741049,2741049,2741049,2741049,2741049,2741049,2741049,2741049,2741049,2924492,2924492,2924492,2924492,2924492,2924492,2924492,2924492,2924492,2924492,2924492,2924492,2768847,2493445,2766986,2449023,2484139,2593270,2735717,2671814,2620072,2615915,2768537,2616349,2709255,2431622,2693930,2547717,2697778,2666731,2807969,2493517,2582546,2596477,2418951,1055866,1130686,1384423,852994,0,415648,899211,1340506,1355999,1377176,942520,328422,1022934,1792898,1570990,1644640,1782343,1840879,1909910,2160726,2186036,2037717,2093554,2000053,2224060
87755009,83000,Toulon,83,769847,769847,769847,769847,769847,769847,769847,769847,769847,769847,769847,769847,827461,827461,827461,827461,827461,827461,827461,827461,827461,827461,827461,827461,709312,638761,708836,627381,636377,664334,700825,684455,671200,670135,709233,670246,673758,604714,669947,633586,670904,663183,698307,620107,642247,645712,601563,262581,295790,362168,223145,0,108734,235236,350679,354732,360272,246565,85916,267602,493083,432054,452309,490180,506278,525263,594243,601203,560413,575769,550054,611661
87756056,6008,Nice,60,1447302,1447302,1447302,1447302,1447302,1447302,1447302,1447302,1447302,1447302,1447302,1447302,1627148,1627148,1627148,1627148,1627148,1627148,1627148,1627148,1627148,1627148,1627148,1627148,1516684,1365828,1515664,1341495,1360730,1420509,1498536,1463533,1435190,1432913,1516514,1433151,1569628,1408779,1560749,1476040,1562979,1544991,1626818,1444639,1496218,1504289,1401438,611724,549429,672726,414491,0,201974,436949,651386,658914,669204,457994,159588,497069,800626,701532,734420,795912,822051,852878,964881,976183,909951,934885,893131,993163
87757625,6400,Cannes,64,644352,644352,644352,644352,644352,644352,644352,644352,644352,644352,644352,644352,717663,717663,717663,717663,717663,717663,717663,717663,717663,717663,717663,717663,652324,587441,651886,576976,585249,610959,644519,629464,617274,616294,652251,616397,694057,622933,690131,652674,691117,683163,719346,638790,661597,665166,619687,270492,248919,304779,187786,0,91504,197960,295111,298521,303184,207495,72302,225197,401362,351685,368173,398999,412103,427557,483705,489371,456168,468668,447736,497883
87761007,26000,Valence,26,434027,434027,434027,434027,434027,434027,434027,434027,434027,434027,434027,434027,443092,443092,443092,443092,443092,443092,443092,443092,443092,443092,443092,443092,382780,344707,382523,338566,343421,358508,378200,369366,362213,361638,382737,361698,414998,372471,412651,390254,413240,408485,430119,381952,395589,397723,370530,161735,167947,205636,126700,0,61738,133564,199112,201413,204559,139997,48782,151942,252703,221425,231806,251215,259465,269195,304547,308114,287209,295079,281900,313473
87763029,26958,Valence TGV Rhône-Alpes Sud,26,546072,546072,546072,546072,546072,546072,546072,546072,546072,546072,546072,546072,589852,589852,589852,589852,589852,589852,589852,589852,589852,589852,589852,589852,539505,485843,539142,477188,484030,505294,533049,520598,510516,509706,539444,509791,489359,439212,486591,460181,487286,481678,507189,450392,466472,468989,436923,190716,186348,228166,140582,0,68503,148199,220929,223482,226972,155337,54127,168589,301646,264311,276702,299870,309718,321333,363531,367789,342836,352230,336499,374187
87763607,5100,Briançon,51,34337,34337,34337,34337,34337,34337,34337,34337,34337,34337,34337,34337,31844,31844,31844,31844,31844,31844,31844,31844,31844,31844,31844,31844,26648,23997,26630,23570,23908,24958,26329,25714,25216,25176,26645,25180,26883,24128,26731,25280,26769,26461,27862,24742,25626,25764,24002,10477,10924,13375,8241,0,4016,8687,12951,13100,13305,9106,3173,9883,14125,12377,12957,14042,14503,15047,17023,17222,16054,16493,15757,17522
87765008,84000,Avignon Centre,84,439110,439110,439110,439110,439110,439110,439110,439110,439110,439110,439110,439110,482906,482906,482906,482906,482906,482906,482906,482906,482906,482906,482906,482906,404724,364468,404452,357975,363108,379060,399881,390541,382977,382370,404679,382433,394964,354489,392729,371414,393290,388764,409354,363513,376491,378522,352642,153927,140021,171443,105632,0,51473,111356,166004,167923,170545,116719,40671,126677,259609,227477,238142,258081,266557,276552,312870,316535,295059,303144,289605,322041
87773002,34011,Montpellier Saint-Roch,34,1753185,1753185,1753185,1753185,1753185,1753185,1753185,1753185,1753185,1753185,1753185,1753185,1868834,1868834,1868834,1868834,1868834,1868834,1868834,1868834,1868834,1868834,1868834,1868834,1535915,1383146,1534882,1358505,1377984,1438520,1517537,1482090,1453387,1451082,1535743,1451322,1261483,1132211,1254347,1186267,1256139,1241683,1307446,1161031,1202484,1208971,1126312,491632,531303,650532,400817,0,195311,422534,629896,637176,647127,442885,154324,480671,844949,740369,775078,839974,867561,900094,1018297,1030225,960326,986640,942576,1048145
87775007,30000,Nîmes,30,875038,875038,875038,875038,875038,875038,875038,875038,875038,875038,875038,875038,912256,912256,912256,912256,912256,912256,912256,912256,912256,912256,912256,912256,815500,734387,814952,721303,731646,763788,805742,786921,771681,770457,815408,770585,729203,654478,725079,685725,726114,717758,755772,671137,695099,698849,651067,284189,307371,376348,231882,0,112992,244446,364409,368621,374378,256219,89280,278079,502530,440331,460974,499571,515978,535327,605628,612722,571150,586800,560593,623380
87781005,34500,Béziers,34,257688,257688,257688,257688,257688,257688,257688,257688,257688,257688,257688,257688,270355,270355,270355,270355,270355,270355,270355,270355,270355,270355,270355,270355,227646,205003,227493,201351,204238,213210,224922,219668,215414,215072,227620,215108,193714,173863,192618,182164,192893,190673,200772,178288,184654,185650,172957,75495,90997,111417,68648,0,33451,72368,107883,109130,110834,75853,26431,82325,149800,131259,137412,148918,153808,159576,180532,182647,170254,174920,167108,185824
87781104,11100,Narbonne,11,282761,282761,282761,282761,282761,282761,282761,282761,282761,282761,282761,282761,280907,280907,280907,280907,280907,280907,280907,280907,280907,280907,280907,280907,229799,206942,229645,203256,206170,215227,227050,221746,217452,217107,229774,217143,212567,190784,211365,199893,211667,209231,220312,195640,202626,203719,189790,82843,114450,140134,86342,0,42073,91020,135689,137257,139401,95404,33244,103543,197164,172761,180860,196004,202441,210032,237614,240398,224087,230227,219945,244579
87784009,66027,Perpignan,66,292891,292891,292891,292891,292891,292891,292891,292891,292891,292891,292891,292891,305470,305470,305470,305470,305470,305470,305470,305470,305470,305470,305470,305470,256955,231397,256782,227274,230533,240661,253880,247950,243148,242762,256926,242803,238524,214081,237175,224302,237513,234780,247215,219530,227368,228595,212965,92959,114998,140805,86755,0,42274,91455,136338,137914,140068,95860,33403,104039,187968,164703,172425,186862,192999,200236,226532,229185,213635,219489,209686,233171
87785006,66290,Cerbère,66,8649,8649,8649,8649,8649,8649,8649,8649,8649,8649,8649,8649,9283,9283,9283,9283,9283,9283,9283,9283,9283,9283,9283,9283,8189,7375,8184,7243,7347,7670,8091,7902,7749,7737,8188,7738,8105,7274,8059,7622,8071,7978,8400,7459,7726,7767,7236,3159,3399,4162,2564,0,1250,2703,4030,4076,4140,2833,987,3075,5770,5056,5293,5736,5925,6147,6954,7035,6558,6738,6437,7158
